Workbook

Sheet февраль
A1: ДОНЕСЕНИЕ №
A2: о наличии и движении ГСМ и ТС 1 гр. ЦМТО войсковой части 2187 по состоянию на | J2: 46073
A3: № п/п | B3: Наименование материальных средств | F3: Единица измерения | G3: Категория | H3: Остаток на начало отчетного периода | I3: Прибыло | M3: Убыло | Q3: Остаток на конец отчетного периода | R3: Положено израсходовать по норме | S3: Экономия | T3: Перерасход
I4: со склада воинской части | J4: из других воинских частей (подразделений) | K4: прочий приход | L4: Всего | M4: фактически сожжено в двигателях, израсходовано на эксплуатационные нужды | N4: передано другим воинским частям (подразделениям) | O4: прочий расход | P4: всего
A5: 1 | B5: 2 | F5: 3 | G5: 4 | H5: 5 | I5: 6 | J5: 7 | K5: 8 | L5: 9 | M5: 10 | N5: 11 | O5: 12 | P5: 13 | Q5: 14 | R5: 15 | S5: 16 | T5: 17
A6: 1 | B6: Автомобильный бензин АИ-92-К5 | F6: л | G6: - | H6: 3646 | I6: =$G41 -> 3552 | J6: =$G48 -> 71 | K6: =$G51 -> 0 | L6: =SUM(I6:K6) -> 3623 | M6: =$G53 -> 3369 | N6: =$G56 -> 147 | O6: =$G59 -> 2364 | P6: =SUM(M6:O6) -> 5880 | Q6: =H6+L6-P6 -> 1389 | R6: =M6+S6 -> 3369 | S6: 0 | T6: 0
B7: сентябрь | G7: - | H7: =январь!Q7 -> -172 | L7: =SUM(I7:K7) -> 0 | M7: =R7-S7 -> 0 | N7: 14 | O7: 158 | P7: =SUM(M7:O7) -> 172 | Q7: =H7+L7-P7 -> -344 | R7: =M7+S7 -> 0 | S7: 0 | T7: 0
B8: октябрь | G8: - | H8: =январь!Q8 -> 0 | L8: =SUM(I8:K8) -> 0 | M8: =R8-S8 -> 0 | P8: =SUM(M8:O8) -> 0 | Q8: =H8+L8-P8 -> 2966 | R8: =M8+S8 -> 0 | S8: 0 | T8: 0
B9: ноябрь | G9: - | H9: =январь!Q9 -> 0 | L9: =SUM(I9:K9) -> 0 | M9: =R9-S9 -> 0 | P9: =SUM(M9:O9) -> 0 | Q9: =H9+L9-P9 -> 0 | R9: =M9+S9 -> 0 | S9: 0 | T9: 0
B10: декабрь | G10: - | H10: =январь!Q10 -> 0 | L10: =SUM(I10:K10) -> 0 | M10: =R10-S10 -> 0 | P10: =SUM(M10:O10) -> 0 | Q10: =H10+L10-P10 -> 0 | R10: =M10+S10 -> 0 | S10: 0 | T10: 0
B11: январь | G11: - | H11: =январь!Q11 -> 4034 | I11: 3763 | J11: 271 | L11: =SUM(I11:K11) -> 4034 | M11: =R11-S11 -> 4235 | P11: =SUM(M11:O11) -> 0 | Q11: =H11+L11-P11 -> 8068 | R11: =M11+S11 -> 4235 | S11: 0 | T11: 0
G12: - | H12: =январь!Q12 -> 0 | L12: =SUM(I12:K12) -> 0 | M12: =R12-S12 -> 0 | P12: =SUM(M12:O12) -> 0 | Q12: =H12+L12-P12 -> 2966 | R12: =M12+S12 -> 0 | S12: 0 | T12: 0
G13: - | H13: =январь!Q13 -> 0 | L13: =SUM(I13:K13) -> 0 | M13: =R13-S13 -> 0 | P13: =SUM(M13:O13) -> 0 | Q13: =H13+L13-P13 -> 0 | R13: =M13+S13 -> 0 | S13: 0 | T13: 0
G14: - | H14: =январь!Q14 -> 0 | L14: =SUM(I14:K14) -> 0 | M14: =R14-S14 -> 0 | P14: =SUM(M14:O14) -> 0 | Q14: =H14+L14-P14 -> 0 | R14: =M14+S14 -> 0 | S14: 0 | T14: 0
A15: 2 | B15: Дизельное топливо ДТ-Л-К5 | F15: л | G15: - | H15: =январь!Q15 -> 0 | I15: 0 | J15: 0 | K15: 0 | L15: =SUM(I15:K15) -> 0 | M15: 0 | N15: 0 | O15: 0 | P15: =SUM(M15:O15) -> 0 | Q15: =H15+L15-P15 -> 0 | R15: =M15+S15 -> 0 | S15: 0 | T15: 0
A16: 3 | B16: Дизельное топливо ДТ-З-К5 | F16: л | G16: - | H16: =январь!Q16 -> 2452 | I16: =$H41 -> 3071 | J16: =$H48 -> 160 | K16: =$H51 -> 0 | L16: =SUM(I16:K16) -> 3231 | M16: =$H53 -> 3537 | N16: =$H56 -> 0 | O16: =$H59 -> 0 | P16: =SUM(M16:O16) -> 3537 | Q16: =H16+L16-P16 -> 2146 | R16: =M16+S16 -> 3537 | S16: 0 | T16: 0
A17: 4 | B17: Автомобильный бензин АИ-95-К5 | F17: л | G17: - | H17: =январь!Q17 -> 159 | I17: =$I41 -> 715 | J17: =$I48 -> 0 | K17: =$I51 -> 0 | L17: =SUM(I17:K17) -> 715 | M17: =$I53 -> 744 | N17: =$I56 -> 0 | O17: =$I59 -> 0 | P17: =SUM(M17:O17) -> 744 | Q17: =H17+L17-P17 -> 130 | R17: =M17+S17 -> 744 | S17: 0 | T17: 0
A18: 5 | B18: Масло моторное М-8В | F18: л | G18: - | H18: 0 | I18: =$J41 -> 6.5 | J18: =$J48 -> 0 | K18: =$J51 -> 0 | L18: =SUM(I18:K18) -> 6.5 | M18: =$J53 -> 6.5 | N18: =$J56 -> 0 | O18: =$J59 -> 0 | P18: =SUM(M18:O18) -> 6.5 | Q18: =H18+L18-P18 -> 0 | R18: =M18+S18 -> 6.5 | S18: 0 | T18: 0
A19: 6 | B19: Масло моторное 5W-30 SN/CF | F19: л | G19: - | H19: =январь!Q19 -> 0 | I19: =$L41 -> 0 | J19: =$L48 -> 0 | K19: =$L51 -> 0 | L19: =SUM(I19:K19) -> 0 | M19: =$L53 -> 0 | N19: =$L56 -> 0 | O19: =$L59 -> 0 | P19: =SUM(M19:O19) -> 0 | Q19: =H19+L19-P19 -> 0 | R19: =M19+S19 -> 0 | S19: 0 | T19: 0
A20: 7 | B20: Масло трансмис. ТЭП-15 | F20: л | G20: - | H20: =январь!Q20 -> 0 | I20: =$Q41 -> 0 | J20: =$Q48 -> 0 | K20: =$Q51 -> 0 | L20: =SUM(I20:K20) -> 0 | M20: =$Q53 -> 0 | N20: =$Q56 -> 0 | O20: =$Q59 -> 0 | P20: =SUM(M20:O20) -> 0 | Q20: =H20+L20-P20 -> 0 | R20: =M20+S20 -> 0 | S20: 0 | T20: 0
A21: 8 | B21: Масло марки «Р» | F21: л | G21: - | H21: =январь!Q21 -> 0 | I21: =$S41 -> 0 | J21: =$S48 -> 0 | K21: =$S51 -> 0 | L21: =SUM(I21:K21) -> 0 | M21: =$S53 -> 0 | N21: =$S56 -> 0 | O21: =$S59 -> 0 | P21: =SUM(M21:O21) -> 0 | Q21: =H21+L21-P21 -> 0 | R21: =M21+S21 -> 0 | S21: 0 | T21: 0
A22: 9 | B22: Масло моторное 5W-40 SN/CF (синт.) | F22: л | G22: - | H22: =январь!Q22 -> 0 | I22: =$N41 -> 0 | J22: =$N48 -> 0 | K22: =$N51 -> 0 | L22: =SUM(I22:K22) -> 0 | M22: =$N53 -> 0 | N22: =$N56 -> 0 | O22: =$N59 -> 0 | P22: =SUM(M22:O22) -> 0 | Q22: =H22+L22-P22 -> 0 | R22: =M22+S22+O22 -> 0 | S22: 0 | T22: 0
A23: 10 | B23: Масло моторное 5W-40 SL/CF (полусинт.) | F23: л | G23: - | H23: =январь!Q23 -> 0 | I23: =$M41 -> 1 | J23: =$M48 -> 0 | K23: =$M51 -> 0 | L23: =SUM(I23:K23) -> 1 | M23: =$M53 -> 1 | N23: =$M56 -> 0 | O23: =$M59 -> 0 | P23: =SUM(M23:O23) -> 1 | Q23: =H23+L23-P23 -> 0 | R23: =M23+S23+O23 -> 1 | S23: 0 | T23: 0
A24: 11 | B24: Масло моторное 10W-40 SL/CF | F24: л | G24: - | H24: =январь!Q24 -> 0 | I24: =$O41 -> 8 | J24: =$O48 -> 0 | K24: =$O51 -> 0 | L24: =SUM(I24:K24) -> 8 | M24: =$O53 -> 8 | N24: =$O56 -> 0 | O24: =$O59 -> 0 | P24: =SUM(M24:O24) -> 8 | Q24: =H24+L24-P24 -> 0 | R24: =M24+S24+O24 -> 8 | S24: 0 | T24: 0
A25: 12 | B25: Масло моторное 10W-40 СI-4/CL | F25: л | G25: - | H25: =январь!Q25 -> 0 | I25: =$P41 -> 0 | J25: =$P48 -> 0 | K25: =$P51 -> 0 | L25: =SUM(I25:K25) -> 0 | M25: =$P53 -> 0 | N25: =$P56 -> 0 | O25: =$P59 -> 0 | P25: =SUM(M25:O25) -> 0 | Q25: =H25+L25-P25 -> 0 | R25: =M25+S25 -> 0 | S25: 0 | T25: 0
A26: 13 | B26: Масло трансм. 75W-90 API GL-5 | F26: л | G26: - | H26: =январь!Q26 -> 0 | I26: =$R41 -> 0 | J26: =$R48 -> 0 | K26: =$R51 -> 0 | L26: =SUM(I26:K26) -> 0 | M26: =$R53 -> 0 | N26: =$R56 -> 0 | O26: =$R59 -> 0 | P26: =SUM(M26:O26) -> 0 | Q26: =H26+L26-P26 -> 0 | R26: =M26+S26 -> 0 | S26: 0 | T26: 0
A27: 14 | B27: Т/Ж «Dot-4» | F27: л | G27: - | H27: =январь!Q27 -> 0 | I27: 0 | J27: 0 | K27: 0 | L27: =SUM(I27:K27) -> 0 | M27: 0 | N27: 0 | O27: 0 | P27: =SUM(M27:O27) -> 0 | Q27: =H27+L27-P27 -> 0 | R27: =M27+S27 -> 0 | S27: 0 | T27: 0
A28: 15 | B28: Тосол-А40 | F28: л | G28: - | H28: =январь!Q28 -> 467.3 | I28: 0 | J28: 0 | K28: 0 | L28: =SUM(I28:K28) -> 0 | M28: 8.2 | N28: 0 | O28: 0 | P28: =SUM(M28:O28) -> 8.2 | Q28: =H28+L28-P28 -> 459.1 | R28: =M28+S28 -> 8.2 | S28: 0 | T28: 0
A29: 16 | B29: Антифриз зелен. | F29: л | G29: - | H29: =январь!Q29 -> 124.7 | I29: 0 | J29: 0 | K29: 0 | L29: =SUM(I29:K29) -> 0 | M29: 2.3 | N29: 0 | O29: 0 | P29: =SUM(M29:O29) -> 2.3 | Q29: =H29+L29-P29 -> 122.4 | R29: =M29+S29 -> 2.3 | S29: 0 | T29: 0
A30: 17 | B30: Антифриз красн. | F30: л | G30: - | H30: =январь!Q30 -> 59.5 | I30: 0 | J30: 0 | K30: 0 | L30: =SUM(I30:K30) -> 0 | M30: 1.5 | N30: 0 | O30: 0 | P30: =SUM(M30:O30) -> 1.5 | Q30: =H30+L30-P30 -> 58 | R30: =M30+S30 -> 1.5 | S30: 0 | T30: 0
A31: 18 | B31: Реагент AdBlue | F31: л | G31: - | H31: =январь!Q31 -> 10.9 | I31: 0 | J31: 0 | K31: 0 | L31: =SUM(I31:K31) -> 0 | M31: 3.8 | N31: 0 | O31: 0 | P31: =SUM(M31:O31) -> 3.8 | Q31: =H31+L31-P31 -> 7.1 | R31: =M31+S31 -> 3.8 | S31: 0 | T31: 0
A32: 19 | B32: Топливная карта | F32: шт. | G32: - | H32: =январь!Q32 -> 1 | I32: 0 | J32: 0 | K32: 0 | L32: =SUM(I32:K32) -> 0 | M32: 0 | N32: 0 | O32: 0 | P32: =SUM(M32:O32) -> 0 | Q32: 1 | R32: =M32+S32 -> 0 | S32: 0 | T32: 0
A33: Итого наименований:20 (двадцать)
A34: Наименование графы | B34: Откуда прибыло, куда убыло | D34: Наименование документа | E34: №, дата документа | G34: Наименование и количество ГСМ, ТС
G35: АИ-92 | H35: ДТ-З | I35: АИ-95 | J35: М-8В | K35: М-10Г2/М-10Г2к | L35: 5W-30 SN/CF | M35: 5W-40 SL/CF | N35: 5W-40 SN/CF син. | O35: 10W-40 SL/CF | P35: 10W-40 CI-4/CL | Q35: ТЭП-15 | R35: 75W-90 GL-5 | S35: Масло марки «Р» | T35: AdBlue
A36: 6 | B36: Склад в/ч | D36: Р/в | E36: № 557, 557/1/2/3/4/5 | G36: 3552 | H36: 3071 | I36: 715 | J36: 6.5 | K36: 0 | L36: 0 | M36: 1 | N36: 0 | O36: 8 | P36: 0 | Q36: 0 | R36: 0 | S36: 0 | T36: 0
B37: Склад в/ч | D37: Накладная | G37: 0 | H37: 0 | I37: 0 | J37: 0 | K37: 0 | L37: 0 | M37: 0 | N37: 0 | O37: 0 | P37: 0 | Q37: 0 | R37: 0 | S37: 0 | T37: 0
D38: Накладная | G38: 0 | H38: 0 | I38: 0 | J38: 0 | K38: 0 | L38: 0 | M38: 0 | N38: 0 | O38: 0 | P38: 0 | Q38: 0 | R38: 0 | S38: 0 | T38: 0
D39: Накладная | G39: 0 | H39: 0 | I39: 0 | J39: 0 | K39: 0 | L39: 0 | M39: 0 | N39: 0 | O39: 0 | P39: 0 | Q39: 0 | R39: 0 | S39: 0 | T39: 0
B40: Склад в/ч | D40: Накладная | G40: 0 | H40: 0 | I40: 0 | J40: 0 | K40: 0 | L40: 0 | M40: 0 | N40: 0 | O40: 0 | P40: 0 | Q40: 0 | R40: 0 | S40: 0 | T40: 0
A41: Всего по графе 6 | G41: =SUM(G36:G40) -> 3552 | H41: =SUM(H36:H40) -> 3071 | I41: =SUM(I36:I40) -> 715 | J41: =SUM(J36:J40) -> 6.5 | K41: =SUM(K36:K40) -> 0 | L41: =SUM(L36:L40) -> 0 | M41: =SUM(M36:M40) -> 1 | N41: =SUM(N36:N40) -> 0 | ... T41: =SUM(T36:T40) -> 0
A42: 7 | B42: в/ч 1463 | D42: Накладная | H42: 110 | I42: - | J42: - | K42: - | L42: - | M42: - | N42: - | O42: - | P42: - | Q42: - | R42: - | S42: - | T42: -
B43: в/ч 2007 | D43: Накладная | H43: 50 | I43: - | J43: - | K43: - | L43: - | M43: - | N43: - | O43: - | P43: - | Q43: - | R43: - | S43: - | T43: -
B44: 4 ПОГЗ | D44: Накладная | G44: 31 | H44: - | I44: - | J44: - | K44: - | L44: - | M44: - | N44: - | O44: - | P44: - | Q44: - | R44: - | S44: - | T44: -
B45: 5 ПОГЗ | D45: Накладная | G45: 40 | H45: - | I45: - | J45: - | K45: - | L45: - | M45: - | N45: - | O45: - | P45: - | Q45: - | R45: - | S45: - | T45: -
B46: 13ПОГЗ | D46: Накладная | H46: - | I46: - | J46: - | K46: - | L46: - | M46: - | N46: - | O46: - | P46: - | Q46: - | R46: - | S46: - | T46: -
B47: погк Малорита | D47: Накладная | H47: - | I47: - | J47: - | K47: - | L47: - | M47: - | N47: - | O47: - | P47: - | Q47: - | R47: - | S47: - | T47: -
A48: Всего по графе 7 | G48: =SUM(G42:G47) -> 71 | H48: =SUM(H42:H47) -> 160 | I48: =SUM(I42:I47) -> 0 | J48: =SUM(J42:J47) -> 0 | K48: =SUM(K42:K47) -> 0 | L48: =SUM(L42:L47) -> 0 | M48: =SUM(M42:M47) -> 0 | N48: =SUM(N42:N47) -> 0 | ... T48: =SUM(T42:T47) -> 0
A49: 8 | B49: АЗС № | D49: Чек № | G49: 0 | H49: 0 | I49: 0 | J49: 0 | K49: 0 | L49: 0 | M49: 0 | N49: 0 | O49: 0 | P49: 0 | Q49: 0 | R49: 0 | S49: 0 | T49: 0
G50: 0 | H50: 0 | I50: 0 | J50: 0 | K50: 0 | L50: 0 | M50: 0 | N50: 0 | O50: 0 | P50: 0 | Q50: 0 | R50: 0 | S50: 0 | T50: 0
A51: Всего по графе 8 | G51: =SUM(G49:G50) -> 0 | H51: =SUM(H49:H50) -> 0 | I51: =SUM(I49:I50) -> 0 | J51: =SUM(J49:J50) -> 0 | K51: =SUM(K49:K50) -> 0 | L51: =SUM(L49:L50) -> 0 | M51: =SUM(M49:M50) -> 0 | N51: =SUM(N49:N50) -> 0 | ... T51: =SUM(T49:T50) -> 0
A52: 10 | B52: Фактический расход | D52: Путевой лист | E52: УАЗ: 7092, 7034, 7011, 7002, 7003, 7006, 7009, 7215. МАЗ: 7097, 7117, 7365, 7024, 7124, 7151, 7153. ГАЗ: 7047, 7193, 7090, 7170, 7290, 7374. 3ИЛ: 7083, 7025, 7111, 7107, 7113. НЕМАН: 7030. УРАЛ: 7043 НИВА ШЕВРОЛЕ: 0849. ФОЛЬКСВАГЕН: 7021. ФОРД ТРАНЗИТ: 7146. ДЖИЛИ: 7327. | G52: =G94 -> 3369 | H52: =H94 -> 3537 | I52: =I94 -> 744 | J52: =J94 -> 6.5 | K52: =K94 -> 0 | L52: =L94 -> 0 | M52: =M94 -> 1 | N52: =N94 -> 0 | ... T52: =T94 -> 3.8
A53: Всего по графе 10 | G53: =G52 -> 3369 | H53: =H52 -> 3537 | I53: =I52 -> 744 | J53: =J52 -> 6.5 | K53: =K52 -> 0 | L53: =L52 -> 0 | M53: =M52 -> 1 | N53: =N52 -> 0 | ... T53: =T52 -> 3.8
A54: 11 | D54: - | E54: - | G54: 0 | H54: - | I54: - | J54: - | K54: - | L54: - | M54: - | N54: - | O54: - | P54: - | Q54: - | R54: - | S54: - | T54: -
G55: 147 | H55: - | I55: - | J55: - | K55: - | L55: - | M55: - | N55: - | O55: - | P55: - | Q55: - | R55: - | S55: - | T55: -
A56: Всего по графе 11 | G56: =SUM(G54:G55) -> 147 | H56: =SUM(H54:H55) -> 0 | I56: =SUM(I54:I55) -> 0 | J56: =SUM(J54:J55) -> 0 | K56: =SUM(K54:K55) -> 0 | L56: =SUM(L54:L55) -> 0 | M56: =SUM(M54:M55) -> 0 | N56: =SUM(N54:N55) -> 0 | ... T56: =SUM(T54:T55) -> 0
A57: 12 | B57: Замена масла | D57: АКТ | G57: - | H57: - | I57: - | J57: - | K57: 0 | L57: 0 | M57: - | N57: 0 | O57: 0 | P57: - | Q57: - | R57: - | S57: - | T57: -
B58: Возврат на склад ГСМ | D58: Накладная | E58: - | G58: 2364 | H58: - | I58: - | J58: - | K58: - | L58: - | M58: - | N58: - | O58: - | P58: - | Q58: - | R58: - | S58: - | T58: -
A59: Всего по графе 12 | G59: =SUM(G57:G58) -> 2364 | H59: =SUM(H57:H58) -> 0 | I59: =SUM(I57:I58) -> 0 | J59: =SUM(J57:J58) -> 0 | K59: =SUM(K57:K58) -> 0 | L59: =SUM(L57:L58) -> 0 | M59: =SUM(M57:M58) -> 0 | N59: =SUM(N57:N58) -> 0 | ... T59: =SUM(T57:T58) -> 0
A60: № п/п | B60: Наименование техники (агрегата) | C60: Марка, модель техники (агрегата) | D60: Номер техники (агрегата) | E60: Отработано км (м)/ч | G60: Наименование и количество израсходованных ГСМ, ТС
G61: АИ-92 | H61: ДТ-З | I61: АИ-95 | J61: М-8В | K61: М-10Г2/М-10Г2к | L61: 5W-30 SN/CF | M61: 5W-40 SL/CF | N61: 5W-40 SN/CF син. | O61: 10W-40 SL/CF | P61: 10W-40 CI-4/SL | Q61: ТЭП-15 | R61: 75W-90 GL-5 | S61: Масло марки «Р» | T61: AdBlue
A62: 1 | B62: УАЗ | C62: 3163 | D62: РС 7011-0 | E62: 3344 | G62: 501 | H62: 0 | I62: 0 | J62: 0 | K62: 0 | L62: 0 | M62: 0 | N62: 0 | O62: 0 | P62: 0 | Q62: 0 | R62: 0 | S62: 0 | T62: 0
A63: 2 | B63: УАЗ | C63: 3163 | D63: РС 7002-0 | E63: 1444 | G63: 230 | H63: 0 | I63: 0 | J63: 0 | K63: 0 | L63: 0 | M63: 1 | N63: 0 | O63: 0 | P63: 0 | Q63: 0 | R63: 0 | S63: 0 | T63: 0
A64: 3 | B64: УАЗ | C64: 3163 | D64: РС 7006-0 | E64: 506 | G64: 80 | H64: 0 | I64: 0 | J64: 0 | K64: 0 | L64: 0 | M64: 0 | N64: 0 | O64: 0 | P64: 0 | Q64: 0 | R64: 0 | S64: 0 | T64: 0
A65: 4 | B65: УАЗ | C65: 3163 | D65: РС 7034-0 | E65: 0 | G65: 0 | H65: 0 | I65: 0 | J65: 0 | K65: 0 | L65: 0 | M65: 0 | N65: 0 | O65: 0 | P65: 0 | Q65: 0 | R65: 0 | S65: 0 | T65: 0
A66: 5 | B66: УАЗ | C66: 39094 | D66: 7215 ПВ | E66: 210 | G66: 39 | H66: 0 | I66: 0 | J66: 0 | K66: 0 | L66: 0 | M66: 0 | N66: 0 | O66: 0 | P66: 0 | Q66: 0 | R66: 0 | S66: 0 | T66: 0
A67: 6 | B67: УАЗ | C67: 374195 | D67: РС 7092-0 | E67: 1283 | G67: 215 | H67: 0 | I67: 0 | J67: 0 | K67: 0 | L67: 0 | M67: 0 | N67: 0 | O67: 0 | P67: 0 | Q67: 0 | R67: 0 | S67: 0 | T67: 0
A68: 7 | B68: УАЗ | C68: 31519 | D68: 7009 РС-0 | E68: 3102 | G68: 516 | H68: 0 | I68: 0 | J68: 1 | K68: 0 | L68: 0 | M68: 0 | N68: 0 | O68: 0 | P68: 0 | Q68: 0 | R68: 0 | S68: 0 | T68: 0
A69: 8 | B69: ГАЗ | C69: 3302 | D69: РС 7047-0 | E69: 0 | G69: 0 | H69: 0 | I69: 0 | J69: 0 | K69: 0 | L69: 0 | M69: 0 | N69: 0 | O69: 0 | P69: 0 | Q69: 0 | R69: 0 | S69: 0 | T69: 0
A70: 9 | B70: ЗИЛ | C70: 131-КО520 | D70: 7083 ПВ | E70: 735 | G70: 444 | H70: 0 | I70: 0 | J70: 1.5 | K70: 0 | L70: 0 | M70: 0 | N70: 0 | O70: 0 | P70: 0 | Q70: 0 | R70: 0 | S70: 0 | T70: 0
A71: 10 | B71: ЗИЛ | C71: 431410 | D71: 7025 ПВ | E71: 3106 | G71: 1020 | H71: 0 | I71: 0 | J71: 4 | K71: 0 | L71: 0 | M71: 0 | N71: 0 | O71: 0 | P71: 0 | Q71: 0 | R71: 0 | S71: 0 | T71: 0
A72: 11 | B72: ЗИЛ | C72: 131 | D72: 7113 ПВ | E72: 0 | G72: 0 | H72: 0 | I72: 0 | J72: 0 | K72: 0 | L72: 0 | M72: 0 | N72: 0 | O72: 0 | P72: 0 | Q72: 0 | R72: 0 | S72: 0 | T72: 0
A73: 12 | B73: ЗИЛ | C73: 131 | D73: 7107 ПВ | E73: 491 | G73: 245 | H73: 0 | I73: 0 | J73: 0 | K73: 0 | L73: 0 | M73: 0 | N73: 0 | O73: 0 | P73: 0 | Q73: 0 | R73: 0 | S73: 0 | T73: 0
A74: 13 | B74: НИВА | C74: 1231 | D74: ММ 0849-1 | E74: 1705 | G74: 0 | H74: 0 | I74: 197 | J74: 0 | K74: 0 | L74: 0 | M74: 0 | N74: 0 | O74: 0 | P74: 0 | Q74: 0 | R74: 0 | S74: 0 | T74: 0
A75: 14 | B75: ФОЛЬКСВАГЕН | C75: В6 | D75: РС 7021-0 | E75: 3820 | G75: 0 | H75: 0 | I75: 408 | J75: 0 | K75: 0 | L75: 0 | M75: 0 | N75: 0 | O75: 0 | P75: 0 | Q75: 0 | R75: 0 | S75: 0 | T75: 0
A76: 15 | B76: ДЖИЛИ | C76: SC-7 | D76: РС 7327-0 | E76: 1563 | G76: 0 | H76: 0 | I76: 139 | J76: 0 | K76: 0 | L76: 0 | M76: 0 | N76: 0 | O76: 0 | P76: 0 | Q76: 0 | R76: 0 | S76: 0 | T76: 0
A77: 16 | B77: УРАЛ | C77: 4320 | D77: 7043 ПВ | E77: 418 | G77: 0 | H77: 238 | I77: 0 | J77: 0 | K77: 0 | L77: 0 | M77: 0 | N77: 0 | O77: 0 | P77: 0 | Q77: 0 | R77: 0 | S77: 0 | T77: 0
A78: 17 | B78: УАЗ | C78: 315148 | D78: РС 7003-0 | E78: 0 | G78: 0 | H78: 0 | I78: 0 | J78: 0 | K78: 0 | L78: 0 | M78: 0 | N78: 0 | O78: 0 | P78: 0 | Q78: 0 | R78: 0 | S78: 0 | T78: 0
A79: 18 | B79: МАЗ | C79: 5340С3 | D79: РС 7365-0 | E79: 206 | G79: 0 | H79: 76 | I79: 0 | J79: 0 | K79: 0 | L79: 0 | M79: 0 | N79: 0 | O79: 0 | P79: 0 | Q79: 0 | R79: 0 | S79: 0 | T79: =2.5+1.3 -> 3.8
A80: 19 | B80: МАЗ | C80: 5337А | D80: 7153 ПВ | E80: 0 | G80: 0 | H80: 0 | I80: 0 | J80: 0 | K80: 0 | L80: 0 | M80: 0 | N80: 0 | O80: 0 | P80: 0 | Q80: 0 | R80: 0 | S80: 0 | T80: 0
A81: 20 | B81: МАЗ | C81: 6430А8 | D81: 7024 ПВ | E81: 676 | G81: 0 | H81: 344 | I81: 0 | J81: 0 | K81: 0 | L81: 0 | M81: 0 | N81: 0 | O81: 0 | P81: 0 | Q81: 0 | R81: 0 | S81: 0 | T81: 0
A82: 21 | B82: МАЗ | C82: 437143 | D82: 7124 ПВ | E82: 2499 | G82: 0 | H82: 500 | I82: 0 | J82: 0 | K82: 0 | L82: 0 | M82: 0 | O82: 4 | P82: 0 | Q82: 0 | R82: 0 | S82: 0 | T82: 0
A83: 22 | B83: ГАЗ | C83: A31R22 | D83: РС 7090-0 | E83: 5442 | G83: 0 | H83: 730 | I83: 0 | J83: 0 | K83: 0 | L83: 0 | M83: 0 | N83: 0 | O83: 0 | P83: 0 | Q83: 0 | R83: 0 | S83: 0 | T83: 0
A84: 23 | B84: МАЗ | C84: 5551 | D84: 7151 ПВ | E84: 0 | G84: 0 | H84: 0 | I84: 0 | J84: 0 | K84: 0 | L84: 0 | M84: 0 | N84: 0 | O84: 0 | P84: 0 | Q84: 0 | R84: 0 | S84: 0 | T84: 0
A85: 24 | B85: МАЗ | C85: 6303 | D85: 7097 ПВ | E85: 230 | G85: 0 | H85: 163 | I85: 0 | J85: 0 | K85: 0 | L85: 0 | M85: 0 | N85: 0 | O85: 0 | P85: 0 | Q85: 0 | R85: 0 | S85: 0 | T85: 0
A86: 25 | B86: НЕМАН | C86: 420224 | D86: РС 7030-0 | E86: 4393 | G86: 0 | H86: 919 | I86: 0 | J86: 0 | K86: 0 | L86: 0 | M86: 0 | N86: 0 | O86: 0 | P86: 0 | Q86: 0 | R86: 0 | S86: 0 | T86: 0
A87: 26 | B87: ГАЗ | C87: 331041 | D87: 7290 ПВ | E87: 3120 | G87: 0 | H87: 567 | I87: 0 | J87: 0 | K87: 0 | L87: 0 | M87: 0 | N87: 0 | O87: 4 | P87: 0 | Q87: 0 | R87: 0 | S87: 0 | T87: 0
A88: 27 | B88: ФОРД | C88: ТРАНЗИТ | D88: РС 7146-0 | E88: 0 | G88: 0 | H88: 0 | I88: 0 | J88: 0 | K88: 0 | L88: 0 | M88: 0 | N88: 0 | O88: 0 | P88: 0 | Q88: 0 | R88: 0 | S88: 0 | T88: 0
A89: 28 | B89: ГАЗ | C89: 66 | D89: РС 7374-0 | E89: 0 | G89: 0 | H89: 0 | I89: 0 | J89: 0 | K89: 0 | L89: 0 | M89: 0 | N89: 0 | O89: 0 | P89: 0 | Q89: 0 | R89: 0 | S89: 0 | T89: 0
A90: 29 | B90: ГАЗ | C90: 66 | D90: РС 7170-0 | E90: 226 | G90: 79 | H90: 0 | I90: 0 | J90: 0 | K90: 0 | L90: 0 | M90: 0 | N90: 0 | O90: 0 | P90: 0 | Q90: 0 | R90: 0 | S90: 0 | T90: 0
A91: 30 | B91: ГАЗ | C91: 32213 | D91: 7193 РС-0 | E91: 0 | G91: 0 | H91: 0 | I91: 0 | J91: 0 | K91: 0 | L91: 0 | M91: 0 | N91: 0 | O91: 0 | P91: 0 | Q91: 0 | R91: 0 | S91: 0 | T91: 0
A92: 31 | B92: ЗИЛ | C92: 131 | D92: 7111 ПВ | E92: 0 | G92: 0 | H92: 0 | I92: 0 | J92: 0 | K92: 0 | L92: 0 | M92: 0 | N92: 0 | O92: 0 | P92: 0 | Q92: 0 | R92: 0 | S92: 0 | T92: 0
A93: 32 | B93: МАЗ | C93: 437143 | D93: 7117 ПВ | E93: 0 | G93: 0 | H93: 0 | I93: 0 | J93: 0 | K93: 0 | L93: 0 | M93: 0 | N93: 0 | O93: 0 | P93: 0 | Q93: 0 | R93: 0 | S93: 0 | T93: 0
A94: Всего: | G94: =SUM(G62:G93) -> 3369 | H94: =SUM(H62:H93) -> 3537 | I94: =SUM(I62:I93) -> 744 | J94: =SUM(J62:J93) -> 6.5 | K94: =SUM(K62:K93) -> 0 | L94: =SUM(L62:L93) -> 0 | M94: =SUM(M62:M93) -> 1 | N94: =SUM(N62:N93) -> 0 | ... T94: =SUM(T62:T93) -> 3.8
A95: Командир подразделения: лейтенант В.С.Войтюк (воинские должность и звание, подпись, фамилия)
A96: Заключение:
A97: Начальник отделения ГСМ: майор В.А.Козич (воинские должность и звание, подпись, фамилия)
A98: . .2026

Sheet январь
A1: ДОНЕСЕНИЕ №
A2: о наличии и движении ГСМ и ТС 1 гр. ЦМТО войсковой части 2187 по состоянию на | J2: 46042
A3: № п/п | B3: Наименование материальных средств | F3: Единица измерения | G3: Категория | H3: Остаток на начало отчетного периода | I3: Прибыло | M3: Убыло | Q3: Остаток на конец отчетного периода | R3: Положено израсходовать по норме | S3: Экономия | T3: Перерасход
I4: со склада воинской части | J4: из других воинских частей (подразделений) | K4: прочий приход | L4: Всего | M4: фактически сожжено в двигателях, израсходовано на эксплуатационные нужды | N4: передано другим воинским частям (подразделениям) | O4: прочий расход | P4: всего
A5: 1 | B5: 2 | F5: 3 | G5: 4 | H5: 5 | I5: 6 | J5: 7 | K5: 8 | L5: 9 | M5: 10 | N5: 11 | O5: 12 | P5: 13 | Q5: 14 | R5: 15 | S5: 16 | T5: 17
A6: 1 | B6: Автомобильный бензин АИ-92-К5 | F6: л | G6: - | H6: 3161 | I6: =$G41 -> 4160 | J6: =$G48 -> 271 | K6: =$G51 -> 0 | L6: =SUM(I6:K6) -> 4431 | M6: =$G53 -> 4325 | N6: =$G56 -> 301 | O6: =$G59 -> 0 | P6: =SUM(M6:O6) -> 4626 | Q6: =H6+L6-P6 -> 2966 | R6: =M6+S6 -> 4325 | S6: 0 | T6: 0
B7: сентябрь | G7: - | L7: =SUM(I7:K7) -> 0 | M7: =R7-S7 -> 0 | N7: 14 | O7: 158 | P7: =SUM(M7:O7) -> 172 | Q7: =H7+L7-P7 -> -172 | R7: =M7+S7 -> 0 | S7: 0 | T7: 0
B8: октябрь | G8: - | L8: =SUM(I8:K8) -> 0 | M8: =R8-S8 -> 0 | P8: =SUM(M8:O8) -> 0 | Q8: =H8+L8-P8 -> 0 | R8: =M8+S8 -> 0 | S8: 0 | T8: 0
B9: ноябрь | G9: - | L9: =SUM(I9:K9) -> 0 | M9: =R9-S9 -> 0 | P9: =SUM(M9:O9) -> 0 | Q9: =H9+L9-P9 -> 0 | R9: =M9+S9 -> 0 | S9: 0 | T9: 0
B10: декабрь | G10: - | L10: =SUM(I10:K10) -> 0 | M10: =R10-S10 -> 0 | P10: =SUM(M10:O10) -> 0 | Q10: =H10+L10-P10 -> 0 | R10: =M10+S10 -> 0 | S10: 0 | T10: 0
B11: январь | G11: - | I11: 3763 | J11: 271 | L11: =SUM(I11:K11) -> 4034 | M11: =R11-S11 -> 0 | P11: =SUM(M11:O11) -> 0 | Q11: =H11+L11-P11 -> 4034 | R11: =M11+S11 -> 0 | S11: 0 | T11: 0
G12: - | L12: =SUM(I12:K12) -> 0 | M12: =R12-S12 -> 4235 | P12: =SUM(M12:O12) -> 0 | Q12: =H12+L12-P12 -> 0 | R12: =M12+S12 -> 4235 | S12: 0 | T12: 0
G13: - | L13: =SUM(I13:K13) -> 0 | M13: =R13-S13 -> 0 | P13: =SUM(M13:O13) -> 0 | Q13: =H13+L13-P13 -> 0 | R13: =M13+S13 -> 0 | S13: 0 | T13: 0
G14: - | L14: =SUM(I14:K14) -> 0 | M14: =R14-S14 -> 0 | P14: =SUM(M14:O14) -> 0 | Q14: =H14+L14-P14 -> 0 | R14: =M14+S14 -> 0 | S14: 0 | T14: 0
A15: 2 | B15: Дизельное топливо ДТ-Л-К5 | F15: л | G15: - | H15: 0 | I15: 0 | J15: 0 | K15: 0 | L15: =SUM(I15:K15) -> 0 | M15: 0 | N15: 0 | O15: 0 | P15: =SUM(M15:O15) -> 0 | Q15: =H15+L15-P15 -> 0 | R15: =M15+S15 -> 0 | S15: 0 | T15: 0
A16: 3 | B16: Дизельное топливо ДТ-З-К5 | F16: л | G16: - | H16: 1555 | I16: =$H41 -> 4001 | J16: =$H48 -> 0 | K16: =$H51 -> 235 | L16: =SUM(I16:K16) -> 4236 | M16: =$H53 -> 3339 | N16: =$H56 -> 0 | O16: =$H59 -> 0 | P16: =SUM(M16:O16) -> 3339 | Q16: =H16+L16-P16 -> 2452 | R16: =M16+S16 -> 3339 | S16: 0 | T16: 0
A17: 4 | B17: Автомобильный бензин АИ-95-К5 | F17: л | G17: - | H17: 141 | I17: =$I41 -> 399 | J17: =$I48 -> 0 | K17: =$I51 -> 0 | L17: =SUM(I17:K17) -> 399 | M17: =$I53 -> 381 | N17: =$I56 -> 0 | O17: =$I59 -> 0 | P17: =SUM(M17:O17) -> 381 | Q17: =H17+L17-P17 -> 159 | R17: =M17+S17 -> 381 | S17: 0 | T17: 0
A18: 5 | B18: Масло моторное М-8В | F18: л | G18: - | H18: 0 | I18: =$J41 -> 13.5 | J18: =$J48 -> 0 | K18: =$J51 -> 0 | L18: =SUM(I18:K18) -> 13.5 | M18: =$J53 -> 7.5 | N18: =$J56 -> 0 | O18: =$J59 -> 0 | P18: =SUM(M18:O18) -> 7.5 | Q18: =H18+L18-P18 -> 6 | R18: =M18+S18 -> 7.5 | S18: 0 | T18: 0
A19: 6 | B19: Масло моторное 5W-30 SN/CF | F19: л | G19: - | H19: 0 | I19: =$L41 -> 8 | J19: =$L48 -> 0 | K19: =$L51 -> 0 | L19: =SUM(I19:K19) -> 8 | M19: =$L53 -> 0 | N19: =$L56 -> 0 | O19: =$L59 -> 8 | P19: =SUM(M19:O19) -> 8 | Q19: =H19+L19-P19 -> 0 | R19: =M19+S19 -> 0 | S19: 0 | T19: 0
A20: 7 | B20: Масло трансмис. ТЭП-15 | F20: л | G20: - | H20: 0 | I20: =$Q41 -> 0 | J20: =$Q48 -> 0 | K20: =$Q51 -> 0 | L20: =SUM(I20:K20) -> 0 | M20: =$Q53 -> 0 | N20: =$Q56 -> 0 | O20: =$Q59 -> 0 | P20: =SUM(M20:O20) -> 0 | Q20: =H20+L20-P20 -> 0 | R20: =M20+S20 -> 0 | S20: 0 | T20: 0
A21: 8 | B21: Масло марки «Р» | F21: л | G21: - | H21: 0 | I21: =$S41 -> 0 | J21: =$S48 -> 0 | K21: =$S51 -> 0 | L21: =SUM(I21:K21) -> 0 | M21: =$S53 -> 0 | N21: =$S56 -> 0 | O21: =$S59 -> 0 | P21: =SUM(M21:O21) -> 0 | Q21: =H21+L21-P21 -> 0 | R21: =M21+S21 -> 0 | S21: 0 | T21: 0
A22: 9 | B22: Масло моторное 5W-40 SN/CF (синт.) | F22: л | G22: - | H22: 0 | I22: =$N41 -> 11.6 | J22: =$N48 -> 0 | K22: =$N51 -> 0 | L22: =SUM(I22:K22) -> 11.6 | M22: =$N53 -> 0 | N22: =$N56 -> 0 | O22: =$N59 -> 11.6 | P22: =SUM(M22:O22) -> 11.6 | Q22: =H22+L22-P22 -> 0 | R22: =M22+S22+O22 -> 11.6 | S22: 0 | T22: 0
A23: 10 | B23: Масло моторное 5W-40 SL/CF (полусинт.) | F23: л | G23: - | H23: 0 | I23: =$M41 -> 4.4 | J23: =$M48 -> 0 | K23: =$M51 -> 0 | L23: =SUM(I23:K23) -> 4.4 | M23: =$M53 -> 4.4 | N23: =$M56 -> 0 | O23: =$M59 -> 0 | P23: =SUM(M23:O23) -> 4.4 | Q23: =H23+L23-P23 -> 0 | R23: =M23+S23+O23 -> 4.4 | S23: 0 | T23: 0
A24: 11 | B24: Масло моторное 10W-40 SL/CF | F24: л | G24: - | H24: 6 | I24: =$O41 -> 28 | J24: =$O48 -> 0 | K24: =$O51 -> 0 | L24: =SUM(I24:K24) -> 28 | M24: =$O53 -> 11 | N24: =$O56 -> 0 | O24: =$O59 -> 23 | P24: =SUM(M24:O24) -> 34 | Q24: =H24+L24-P24 -> 0 | R24: =M24+S24+O24 -> 34 | S24: 0 | T24: 0
A25: 12 | B25: Масло моторное 10W-40 СI-4/CL | F25: л | G25: - | H25: 0 | I25: =$P41 -> 0 | J25: =$P48 -> 0 | K25: =$P51 -> 0 | L25: =SUM(I25:K25) -> 0 | M25: =$P53 -> 0 | N25: =$P56 -> 0 | O25: =$P59 -> 0 | P25: =SUM(M25:O25) -> 0 | Q25: =H25+L25-P25 -> 0 | R25: =M25+S25 -> 0 | S25: 0 | T25: 0
A26: 13 | B26: Масло трансм. 75W-90 API GL-5 | F26: л | G26: - | H26: 0 | I26: =$R41 -> 0 | J26: =$R48 -> 0 | K26: =$R51 -> 0 | L26: =SUM(I26:K26) -> 0 | M26: =$R53 -> 0 | N26: =$R56 -> 0 | O26: =$R59 -> 0 | P26: =SUM(M26:O26) -> 0 | Q26: =H26+L26-P26 -> 0 | R26: =M26+S26 -> 0 | S26: 0 | T26: 0
A27: 14 | B27: Т/Ж «Dot-4» | F27: л | G27: - | H27: 0 | I27: 0 | J27: 0 | K27: 0 | L27: =SUM(I27:K27) -> 0 | M27: 0 | N27: 0 | O27: 0 | P27: =SUM(M27:O27) -> 0 | Q27: =H27+L27-P27 -> 0 | R27: =M27+S27 -> 0 | S27: 0 | T27: 0
A28: 15 | B28: Тосол-А40 | F28: л | G28: - | H28: 475.2 | I28: 0 | J28: 0 | K28: 0 | L28: =SUM(I28:K28) -> 0 | M28: 7.9 | N28: 0 | O28: 0 | P28: =SUM(M28:O28) -> 7.9 | Q28: =H28+L28-P28 -> 467.3 | R28: =M28+S28 -> 7.9 | S28: 0 | T28: 0
A29: 16 | B29: Антифриз зелен. | F29: л | G29: - | H29: 127.8 | I29: 0 | J29: 0 | K29: 0 | L29: =SUM(I29:K29) -> 0 | M29: 3.1 | N29: 0 | O29: 0 | P29: =SUM(M29:O29) -> 3.1 | Q29: =H29+L29-P29 -> 124.7 | R29: =M29+S29 -> 3.1 | S29: 0 | T29: 0
A30: 17 | B30: Антифриз красн. | F30: л | G30: - | H30: 61 | I30: 0 | J30: 0 | K30: 0 | L30: =SUM(I30:K30) -> 0 | M30: 1.5 | N30: 0 | O30: 0 | P30: =SUM(M30:O30) -> 1.5 | Q30: =H30+L30-P30 -> 59.5 | R30: =M30+S30 -> 1.5 | S30: 0 | T30: 0
A31: 18 | B31: Реагент AdBlue | F31: л | G31: - | H31: 6.5 | I31: 10 | J31: 0 | K31: 0 | L31: =SUM(I31:K31) -> 10 | M31: 5.6 | N31: 0 | O31: 0 | P31: =SUM(M31:O31) -> 5.6 | Q31: =H31+L31-P31 -> 10.9 | R31: =M31+S31 -> 5.6 | S31: 0 | T31: 0
A32: 19 | B32: Топливная карта | F32: шт. | G32: - | H32: 1 | I32: 0 | J32: 0 | K32: 0 | L32: =SUM(I32:K32) -> 0 | M32: 0 | N32: 0 | O32: 0 | P32: =SUM(M32:O32) -> 0 | Q32: 1 | R32: =M32+S32 -> 0 | S32: 0 | T32: 0
A33: Итого наименований:18 (восемнадцать)
A34: Наименование графы | B34: Откуда прибыло, куда убыло | D34: Наименование документа | E34: №, дата документа | G34: Наименование и количество ГСМ, ТС
G35: АИ-92 | H35: ДТ-З | I35: АИ-95 | J35: М-8В | K35: М-10Г2/М-10Г2к | L35: 5W-30 SN/CF | M35: 5W-40 SL/CF | N35: 5W-40 SN/CF син. | O35: 10W-40 SL/CF | P35: 10W-40 CI-4/CL | Q35: ТЭП-15 | R35: 75W-90 GL-5 | S35: Масло марки «Р» | T35: AdBlue
A36: 6 | B36: Склад в/ч | D36: Р/в | E36: № 557, 557/1/2/3/4/5 | G36: 4160 | H36: 4001 | I36: 399 | J36: 7.5 | K36: 0 | L36: 0 | M36: 4.4 | N36: 0 | O36: 11 | P36: 0 | Q36: 0 | R36: 0 | S36: 0 | T36: 0
B37: Склад в/ч | D37: Накладная | E37: № 44 от 09.01.2026 | G37: 0 | H37: 0 | I37: 0 | J37: 6 | K37: 0 | L37: 0 | M37: 0 | N37: 0 | O37: 0 | P37: 0 | Q37: 0 | R37: 0 | S37: 0 | T37: 0
D38: Накладная | E38: № 65 от 16.01.2026 | G38: 0 | H38: 0 | I38: 0 | J38: 0 | K38: 0 | L38: 0 | M38: 0 | N38: 11.6 | O38: 0 | P38: 0 | Q38: 0 | R38: 0 | S38: 0 | T38: 0
D39: Накладная | E39: № 1200 от 09.12.2025 | G39: 0 | H39: 0 | I39: 0 | J39: 0 | K39: 0 | L39: 0 | M39: 0 | N39: 0 | O39: 6 | P39: 0 | Q39: 0 | R39: 0 | S39: 0 | T39: 0
B40: Склад в/ч | D40: Накладная | E40: № 30 от 30.12.2025 | G40: 0 | H40: 0 | I40: 0 | J40: 0 | K40: 0 | L40: 8 | M40: 0 | N40: 0 | O40: 11 | P40: 0 | Q40: 0 | R40: 0 | S40: 0 | T40: 0
A41: Всего по графе 6 | G41: =SUM(G36:G40) -> 4160 | H41: =SUM(H36:H40) -> 4001 | I41: =SUM(I36:I40) -> 399 | J41: =SUM(J36:J40) -> 13.5 | K41: =SUM(K36:K40) -> 0 | L41: =SUM(L36:L40) -> 8 | M41: =SUM(M36:M40) -> 4.4 | N41: =SUM(N36:N40) -> 11.6 | ... T41: =SUM(T36:T40) -> 0
A42: 7 | B42: 1 ПОГЗ | D42: Накладная | G42: =45 -> 45 | H42: - | I42: - | J42: - | K42: - | L42: - | M42: - | N42: - | O42: - | P42: - | Q42: - | R42: - | S42: - | T42: -
B43: 4 ПОГЗ | D43: Накладная | G43: 45 | H43: - | I43: - | J43: - | K43: - | L43: - | M43: - | N43: - | O43: - | P43: - | Q43: - | R43: - | S43: - | T43: -
B44: 9 ПОГЗ | D44: Накладная | G44: =38+35 -> 73 | H44: - | I44: - | J44: - | K44: - | L44: - | M44: - | N44: - | O44: - | P44: - | Q44: - | R44: - | S44: - | T44: -
B45: 12 ПОГЗ | D45: Накладная | G45: 35 | H45: - | I45: - | J45: - | K45: - | L45: - | M45: - | N45: - | O45: - | P45: - | Q45: - | R45: - | S45: - | T45: -
B46: 13ПОГЗ | D46: Накладная | G46: =33 -> 33 | H46: - | I46: - | J46: - | K46: - | L46: - | M46: - | N46: - | O46: - | P46: - | Q46: - | R46: - | S46: - | T46: -
B47: погк Малорита | D47: Накладная | G47: 40 | H47: - | I47: - | J47: - | K47: - | L47: - | M47: - | N47: - | O47: - | P47: - | Q47: - | R47: - | S47: - | T47: -
A48: Всего по графе 7 | G48: =SUM(G42:G47) -> 271 | H48: =SUM(H42:H47) -> 0 | I48: =SUM(I42:I47) -> 0 | J48: =SUM(J42:J47) -> 0 | K48: =SUM(K42:K47) -> 0 | L48: =SUM(L42:L47) -> 0 | M48: =SUM(M42:M47) -> 0 | N48: =SUM(N42:N47) -> 0 | ... T48: =SUM(T42:T47) -> 0
A49: 8 | B49: АЗС № | D49: Чек № | G49: 0 | H49: 235 | I49: 0 | J49: 0 | K49: 0 | L49: 0 | M49: 0 | N49: 0 | O49: 0 | P49: 0 | Q49: 0 | R49: 0 | S49: 0 | T49: 0
G50: 0 | H50: 0 | I50: 0 | J50: 0 | K50: 0 | L50: 0 | M50: 0 | N50: 0 | O50: 0 | P50: 0 | Q50: 0 | R50: 0 | S50: 0 | T50: 0
A51: Всего по графе 8 | G51: =SUM(G49:G50) -> 0 | H51: =SUM(H49:H50) -> 235 | I51: =SUM(I49:I50) -> 0 | J51: =SUM(J49:J50) -> 0 | K51: =SUM(K49:K50) -> 0 | L51: =SUM(L49:L50) -> 0 | M51: =SUM(M49:M50) -> 0 | N51: =SUM(N49:N50) -> 0 | ... T51: =SUM(T49:T50) -> 0
A52: 10 | B52: Фактический расход | D52: Путевой лист | E52: УАЗ: 7092, 7034, 7011, 7002, 7003, 7006, 7009, 7215. МАЗ: 7097, 7117, 7365, 7024, 7124, 7151, 7153. ГАЗ: 7047, 7193, 7090, 7170, 7290, 7374. 3ИЛ: 7083, 7025, 7111, 7107, 7113. НЕМАН: 7030. УРАЛ: 7043 НИВА ШЕВРОЛЕ: 0849. ФОЛЬКСВАГЕН: 7021. ФОРД ТРАНЗИТ: 7146. ДЖИЛИ: 7327. | G52: =G94 -> 4325 | H52: =H94 -> 3339 | I52: =I94 -> 381 | J52: =J94 -> 7.5 | K52: =K94 -> 0 | L52: =L94 -> 0 | M52: =M94 -> 4.4 | N52: =N94 -> 0 | ... T52: =T94 -> 0
A53: Всего по графе 10 | G53: =G52 -> 4325 | H53: =H52 -> 3339 | I53: =I52 -> 381 | J53: =J52 -> 7.5 | K53: =K52 -> 0 | L53: =L52 -> 0 | M53: =M52 -> 4.4 | N53: =N52 -> 0 | ... T53: =T52 -> 0
A54: 11 | D54: - | E54: - | G54: 301 | H54: - | I54: - | J54: - | K54: - | L54: - | M54: - | N54: - | O54: - | P54: - | Q54: - | R54: - | S54: - | T54: -
G55: - | H55: - | I55: - | J55: - | K55: - | L55: - | M55: - | N55: - | O55: - | P55: - | Q55: - | R55: - | S55: - | T55: -
A56: Всего по графе 11 | G56: =SUM(G54:G55) -> 301 | H56: =SUM(H54:H55) -> 0 | I56: =SUM(I54:I55) -> 0 | J56: =SUM(J54:J55) -> 0 | K56: =SUM(K54:K55) -> 0 | L56: =SUM(L54:L55) -> 0 | M56: =SUM(M54:M55) -> 0 | N56: =SUM(N54:N55) -> 0 | ... T56: =SUM(T54:T55) -> 0
A57: 12 | B57: Замена масла | D57: АКТ | G57: - | H57: - | I57: - | J57: - | K57: 6 | L57: 8 | M57: - | N57: 11.6 | O57: 23 | P57: - | Q57: - | R57: - | S57: - | T57: -
B58: ОЖ на долив | D58: АКТ | E58: - | G58: - | H58: - | I58: - | J58: - | K58: - | L58: - | M58: - | N58: - | O58: - | P58: - | Q58: - | R58: - | S58: - | T58: -
A59: Всего по графе 12 | G59: =SUM(G57:G58) -> 0 | H59: =SUM(H57:H58) -> 0 | I59: =SUM(I57:I58) -> 0 | J59: =SUM(J57:J58) -> 0 | K59: =SUM(K57:K58) -> 6 | L59: =SUM(L57:L58) -> 8 | M59: =SUM(M57:M58) -> 0 | N59: =SUM(N57:N58) -> 11.6 | ... T59: =SUM(T57:T58) -> 0
A60: № п/п | B60: Наименование техники (агрегата) | C60: Марка, модель техники (агрегата) | D60: Номер техники (агрегата) | E60: Отработано км (м)/ч | G60: Наименование и количество израсходованных ГСМ, ТС
G61: АИ-92 | H61: ДТ-З | I61: АИ-95 | J61: М-8В | K61: М-10Г2/М-10Г2к | L61: 5W-30 SN/CF | M61: 5W-40 SL/CF | N61: 5W-40 SN/CF син. | O61: 10W-40 SL/CF | P61: 10W-40 CI-4/SL | Q61: ТЭП-15 | R61: 75W-90 GL-5 | S61: Масло марки «Р» | T61: AdBlue
A62: 1 | B62: УАЗ | C62: 3163 | D62: РС 7011-0 | E62: 2710 | G62: 516 | H62: 0 | I62: 0 | J62: 0 | K62: 0 | L62: 0 | M62: 0 | N62: 0 | O62: 0 | P62: 0 | Q62: 0 | R62: 0 | S62: 0 | T62: 0
A63: 2 | B63: УАЗ | C63: 3163 | D63: РС 7002-0 | E63: 1856 | G63: 291 | H63: 0 | I63: 0 | J63: 0 | K63: 0 | L63: 0 | M63: =2+2 -> 4 | N63: 0 | O63: 0 | P63: 0 | Q63: 0 | R63: 0 | S63: 0 | T63: 0
A64: 3 | B64: УАЗ | C64: 3163 | D64: РС 7006-0 | E64: 1160 | G64: 180 | H64: 0 | I64: 0 | J64: 0 | K64: 0 | L64: 0 | M64: 0 | N64: 0 | O64: 0 | P64: 0 | Q64: 0 | R64: 0 | S64: 0 | T64: 0
A65: 4 | B65: УАЗ | C65: 3163 | D65: РС 7034-0 | E65: 287 | G65: 41 | H65: 0 | I65: 0 | J65: 0 | K65: 0 | L65: 0 | M65: 0 | N65: 0 | O65: 0 | P65: 0 | Q65: 0 | R65: 0 | S65: 0 | T65: 0
A66: 5 | B66: УАЗ | C66: 39094 | D66: 7215 ПВ | E66: 679 | G66: 123 | H66: 0 | I66: 0 | J66: 0 | K66: 0 | L66: 0 | M66: 0 | N66: 0 | O66: 0 | P66: 0 | Q66: 0 | R66: 0 | S66: 0 | T66: 0
A67: 6 | B67: УАЗ | C67: 374195 | D67: РС 7092-0 | E67: 1721 | G67: 377 | H67: 0 | I67: 0 | J67: 0 | K67: 0 | L67: 0 | M67: 0 | N67: 0 | O67: 0 | P67: 0 | Q67: 0 | R67: 0 | S67: 0 | T67: 0
A68: 7 | B68: УАЗ | C68: 31519 | D68: 7009 РС-0 | E68: 3231 | G68: 791 | H68: 0 | I68: 0 | J68: 0 | K68: 0 | L68: 0 | M68: 0 | N68: 0 | O68: 0 | P68: 0 | Q68: 0 | R68: 0 | S68: 0 | T68: 0
A69: 8 | B69: ГАЗ | C69: 3302 | D69: РС 7047-0 | E69: 811 | G69: 138 | H69: 0 | I69: 0 | J69: 0 | K69: 0 | L69: 0 | M69: 0 | N69: 0 | O69: =2+1.5 -> 3.5 | P69: 0 | Q69: 0 | R69: 0 | S69: 0 | T69: 0
A70: 9 | B70: ЗИЛ | C70: 131-КО520 | D70: 7083 ПВ | E70: 832 | G70: 568 | H70: 0 | I70: 0 | J70: 1.5 | K70: 0 | L70: 0 | M70: 0 | N70: 0 | O70: 0 | P70: 0 | Q70: 0 | R70: 0 | S70: 0 | T70: 0
A71: 10 | B71: ЗИЛ | C71: 431410 | D71: 7025 ПВ | E71: 2348 | G71: 848 | H71: 0 | I71: 0 | J71: 2 | K71: 0 | L71: 0 | M71: 0 | N71: 0 | O71: 0 | P71: 0 | Q71: 0 | R71: 0 | S71: 0 | T71: 0
A72: 11 | B72: ЗИЛ | C72: 131 | D72: 7113 ПВ | E72: 134 | G72: 72 | H72: 0 | I72: 0 | J72: 0 | K72: 0 | L72: 0 | M72: 0 | N72: 0 | O72: 0 | P72: 0 | Q72: 0 | R72: 0 | S72: 0 | T72: 0
A73: 12 | B73: ЗИЛ | C73: 131 | D73: 7107 ПВ | E73: 556 | G73: 380 | H73: 0 | I73: 0 | J73: 4 | K73: 0 | L73: 0 | M73: 0 | N73: 0 | O73: 0 | P73: 0 | Q73: 0 | R73: 0 | S73: 0 | T73: 0
A74: 13 | B74: НИВА | C74: 1231 | D74: ММ 0849-1 | E74: 251 | G74: 0 | H74: 0 | I74: 31 | J74: 0 | K74: 0 | L74: 0 | M74: 0 | N74: 0 | O74: 0 | P74: 0 | Q74: 0 | R74: 0 | S74: 0 | T74: 0
A75: 14 | B75: ФОЛЬКСВАГЕН | C75: В6 | D75: РС 7021-0 | E75: 3253 | G75: 0 | H75: 0 | I75: 313 | J75: 0 | K75: 0 | L75: 0 | M75: 0.4 | N75: 0 | O75: 0 | P75: 0 | Q75: 0 | R75: 0 | S75: 0 | T75: 0
A76: 15 | B76: ДЖИЛИ | C76: SC-7 | D76: РС 7327-0 | E76: 482 | G76: 0 | H76: 0 | I76: 37 | J76: 0 | K76: 0 | L76: 0 | M76: 0 | N76: 0 | O76: 0 | P76: 0 | Q76: 0 | R76: 0 | S76: 0 | T76: 0
A77: 16 | B77: УРАЛ | C77: 4320 | D77: 7043 ПВ | E77: 0 | G77: 0 | H77: 0 | I77: 0 | J77: 0 | K77: 0 | L77: 0 | M77: 0 | N77: 0 | O77: 0 | P77: 0 | Q77: 0 | R77: 0 | S77: 0 | T77: 0
A78: 17 | B78: УАЗ | C78: 315148 | D78: РС 7003-0 | E78: 0 | G78: 0 | H78: 0 | I78: 0 | J78: 0 | K78: 0 | L78: 0 | M78: 0 | N78: 0 | O78: 0 | P78: 0 | Q78: 0 | R78: 0 | S78: 0 | T78: 0
A79: 18 | B79: МАЗ | C79: 5340С3 | D79: РС 7365-0 | E79: 267 | G79: 0 | H79: 112 | I79: 0 | J79: 0 | K79: 0 | L79: 0 | M79: 0 | N79: 0 | O79: 0 | P79: 0 | Q79: 0 | R79: 0 | S79: 0 | T79: 0
A80: 19 | B80: МАЗ | C80: 5337А | D80: 7153 ПВ | E80: 462 | G80: 0 | H80: 180 | I80: 0 | J80: 0 | K80: 0 | L80: 0 | M80: 0 | N80: 0 | O80: 0 | P80: 0 | Q80: 0 | R80: 0 | S80: 0 | T80: 0
A81: 20 | B81: МАЗ | C81: 6430А8 | D81: 7024 ПВ | E81: 662 | G81: 0 | H81: 628 | I81: 0 | J81: 0 | K81: 0 | L81: 0 | M81: 0 | N81: 0 | O81: 0 | P81: 0 | Q81: 0 | R81: 0 | S81: 0 | T81: 0
A82: 21 | B82: МАЗ | C82: 437143 | D82: 7124 ПВ | E82: 2192 | G82: 0 | H82: 464 | I82: 0 | J82: 0 | K82: 0 | L82: 0 | M82: 0 | O82: =1.5+2 -> 3.5 | P82: 0 | Q82: 0 | R82: 0 | S82: 0 | T82: 0
A83: 22 | B83: ГАЗ | C83: A31R22 | D83: РС 7090-0 | E83: 3395 | G83: 0 | H83: 457 | I83: 0 | J83: 0 | K83: 0 | L83: 0 | M83: 0 | N83: 0 | O83: 0 | P83: 0 | Q83: 0 | R83: 0 | S83: 0 | T83: 0
A84: 23 | B84: МАЗ | C84: 5551 | D84: 7151 ПВ | E84: 0 | G84: 0 | H84: 0 | I84: 0 | J84: 0 | K84: 0 | L84: 0 | M84: 0 | N84: 0 | O84: 0 | P84: 0 | Q84: 0 | R84: 0 | S84: 0 | T84: 0
A85: 24 | B85: МАЗ | C85: 6303 | D85: 7097 ПВ | E85: 654 | G85: 0 | H85: 337 | I85: 0 | J85: 0 | K85: 0 | L85: 0 | M85: 0 | N85: 0 | O85: 4 | P85: 0 | Q85: 0 | R85: 0 | S85: 0 | T85: 0
A86: 25 | B86: НЕМАН | C86: 420224 | D86: РС 7030-0 | E86: 6598 | G86: 0 | H86: 1087 | I86: 0 | J86: 0 | K86: 0 | L86: 0 | M86: 0 | N86: 0 | O86: 0 | P86: 0 | Q86: 0 | R86: 0 | S86: 0 | T86: 0
A87: 26 | B87: ГАЗ | C87: 331041 | D87: 7290 ПВ | E87: 209 | G87: 0 | H87: 36 | I87: 0 | J87: 0 | K87: 0 | L87: 0 | M87: 0 | N87: 0 | O87: 0 | P87: 0 | Q87: 0 | R87: 0 | S87: 0 | T87: 0
A88: 27 | B88: ФОРД | C88: ТРАНЗИТ | D88: РС 7146-0 | E88: 292 | G88: 0 | H88: 38 | I88: 0 | J88: 0 | K88: 0 | L88: 0 | M88: 0 | N88: 0 | O88: 0 | P88: 0 | Q88: 0 | R88: 0 | S88: 0 | T88: 0
A89: 28 | B89: ГАЗ | C89: 66 | D89: РС 7374-0 | E89: 0 | G89: 0 | H89: 0 | I89: 0 | J89: 0 | K89: 0 | L89: 0 | M89: 0 | N89: 0 | O89: 0 | P89: 0 | Q89: 0 | R89: 0 | S89: 0 | T89: 0
A90: 29 | B90: ГАЗ | C90: 66 | D90: РС 7170-0 | E90: 0 | G90: 0 | H90: 0 | I90: 0 | J90: 0 | K90: 0 | L90: 0 | M90: 0 | N90: 0 | O90: 0 | P90: 0 | Q90: 0 | R90: 0 | S90: 0 | T90: 0
A91: 30 | B91: ГАЗ | C91: 32213 | D91: 7193 РС-0 | E91: 0 | G91: 0 | H91: 0 | I91: 0 | J91: 0 | K91: 0 | L91: 0 | M91: 0 | N91: 0 | O91: 0 | P91: 0 | Q91: 0 | R91: 0 | S91: 0 | T91: 0
A92: 31 | B92: ЗИЛ | C92: 131 | D92: 7111 ПВ | E92: 0 | G92: 0 | H92: 0 | I92: 0 | J92: 0 | K92: 0 | L92: 0 | M92: 0 | N92: 0 | O92: 0 | P92: 0 | Q92: 0 | R92: 0 | S92: 0 | T92: 0
A93: 32 | B93: МАЗ | C93: 437143 | D93: 7117 ПВ | E93: 0 | G93: 0 | H93: 0 | I93: 0 | J93: 0 | K93: 0 | L93: 0 | M93: 0 | N93: 0 | O93: 0 | P93: 0 | Q93: 0 | R93: 0 | S93: 0 | T93: 0
A94: Всего: | G94: =SUM(G62:G93) -> 4325 | H94: =SUM(H62:H93) -> 3339 | I94: =SUM(I62:I93) -> 381 | J94: =SUM(J62:J93) -> 7.5 | K94: =SUM(K62:K93) -> 0 | L94: =SUM(L62:L93) -> 0 | M94: =SUM(M62:M93) -> 4.4 | N94: =SUM(N62:N93) -> 0 | ... T94: =SUM(T62:T93) -> 0
A95: Командир подразделения: лейтенант В.С.Войтюк (воинские должность и звание, подпись, фамилия)
A96: Заключение:
A97: Начальник отделения ГСМ: майор В.А.Козич (воинские должность и звание, подпись, фамилия)
A98: . .2026

Sheet март
A1: ДОНЕСЕНИЕ №
A2: о наличии и движении ГСМ и ТС 1 гр. ЦМТО войсковой части 2187 по состоянию на | J2: 46101
A3: № п/п | B3: Наименование материальных средств | F3: Единица измерения | G3: Категория | H3: Остаток на начало отчетного периода | I3: Прибыло | M3: Убыло | Q3: Остаток на конец отчетного периода | R3: Положено израсходовать по норме | S3: Экономия | T3: Перерасход
I4: со склада воинской части | J4: из других воинских частей (подразделений) | K4: прочий приход | L4: Всего | M4: фактически сожжено в двигателях, израсходовано на эксплуатационные нужды | N4: передано другим воинским частям (подразделениям) | O4: прочий расход | P4: всего
A5: 1 | B5: 2 | F5: 3 | G5: 4 | H5: 5 | I5: 6 | J5: 7 | K5: 8 | L5: 9 | M5: 10 | N5: 11 | O5: 12 | P5: 13 | Q5: 14 | R5: 15 | S5: 16 | T5: 17
A6: 1 | B6: Автомобильный бензин АИ-92-К5 | F6: л | G6: - | H6: 1555 | I6: =$G42 -> 4250 | J6: =$G50 -> 316 | K6: =$G53 -> 0 | L6: =SUM(I6:K6) -> 4566 | M6: =$G55 -> 4095 | N6: =$G58 -> 147 | O6: =$G61 -> 0 | P6: =SUM(M6:O6) -> 4242 | Q6: =H6+L6-P6 -> 1879 | R6: =M6+S6 -> 4095 | S6: 0 | T6: 0
B7: сентябрь | G7: - | H7: =февраль!Q7 -> -344 | L7: =SUM(I7:K7) -> 0 | M7: =R7-S7 -> 0 | N7: 14 | O7: 158 | P7: =SUM(M7:O7) -> 172 | Q7: =H7+L7-P7 -> -516 | R7: =M7+S7 -> 0 | S7: 0 | T7: 0
B8: октябрь | G8: - | H8: =февраль!Q8 -> 0 | L8: =SUM(I8:K8) -> 0 | M8: =R8-S8 -> 0 | P8: =SUM(M8:O8) -> 0 | Q8: =H8+L8-P8 -> 1389 | R8: =M8+S8 -> 0 | S8: 0 | T8: 0
B9: ноябрь | G9: - | H9: =февраль!Q9 -> 0 | L9: =SUM(I9:K9) -> 0 | M9: =R9-S9 -> 0 | P9: =SUM(M9:O9) -> 0 | Q9: =H9+L9-P9 -> 0 | R9: =M9+S9 -> 0 | S9: 0 | T9: 0
B10: декабрь | G10: - | H10: =февраль!Q10 -> 0 | L10: =SUM(I10:K10) -> 0 | M10: =R10-S10 -> 0 | P10: =SUM(M10:O10) -> 0 | Q10: =H10+L10-P10 -> 1389 | R10: =M10+S10 -> 0 | S10: 0 | T10: 0
B11: январь | G11: - | H11: =февраль!Q11 -> 8068 | I11: 3763 | J11: 271 | L11: =SUM(I11:K11) -> 4034 | M11: =R11-S11 -> 0 | P11: =SUM(M11:O11) -> 0 | Q11: =H11+L11-P11 -> 5423 | R11: =M11+S11 -> 0 | S11: 0 | T11: 0
G12: - | H12: =февраль!Q12 -> 0 | L12: =SUM(I12:K12) -> 0 | M12: =R12-S12 -> 0 | P12: =SUM(M12:O12) -> 0 | Q12: =H12+L12-P12 -> 1389 | R12: =M12+S12 -> 0 | S12: 0 | T12: 0
G13: - | H13: =февраль!Q13 -> 0 | L13: =SUM(I13:K13) -> 0 | M13: =R13-S13 -> 0 | P13: =SUM(M13:O13) -> 0 | Q13: =H13+L13-P13 -> 1389 | R13: =M13+S13 -> 0 | S13: 0 | T13: 0
G14: - | H14: =февраль!Q14 -> 0 | L14: =SUM(I14:K14) -> 0 | M14: =R14-S14 -> 0 | P14: =SUM(M14:O14) -> 0 | Q14: =H14+L14-P14 -> 0 | R14: =M14+S14 -> 0 | S14: 0 | T14: 0
A15: 2 | B15: Дизельное топливо ДТ-Л-К5 | F15: л | G15: - | H15: =февраль!Q15 -> 0 | I15: 0 | J15: 0 | K15: 0 | L15: =SUM(I15:K15) -> 0 | M15: 0 | N15: 0 | O15: 0 | P15: =SUM(M15:O15) -> 0 | Q15: =H15+L15-P15 -> 0 | R15: =M15+S15 -> 0 | S15: 0 | T15: 0
A16: 3 | B16: Дизельное топливо ДТ-З-К5 | F16: л | G16: - | H16: =февраль!Q16 -> 2146 | I16: =$H42 -> 3405 | J16: =$H50 -> 235 | K16: =$H53 -> 0 | L16: =SUM(I16:K16) -> 3640 | M16: =$H55 -> 3778 | N16: =$H58 -> 0 | O16: =$H61 -> 0 | P16: =SUM(M16:O16) -> 3778 | Q16: =H16+L16-P16 -> 2008 | R16: =M16+S16 -> 3778 | S16: 0 | T16: 0
A17: 4 | B17: Автомобильный бензин АИ-95-К5 | F17: л | G17: - | H17: 125 | I17: =$I42 -> 458 | J17: =$I50 -> 0 | K17: =$I53 -> 55 | L17: =SUM(I17:K17) -> 513 | M17: =$I55 -> 536 | N17: =$I58 -> 0 | O17: =$I61 -> 0 | P17: =SUM(M17:O17) -> 536 | Q17: =H17+L17-P17 -> 102 | R17: =M17+S17 -> 536 | S17: 0 | T17: 0
A18: 5 | B18: Масло моторное М-8В | F18: л | G18: - | H18: =февраль!Q18 -> 0 | I18: =$J42 -> 22.5 | J18: =$J50 -> 0 | K18: =$J53 -> 0 | L18: =SUM(I18:K18) -> 22.5 | M18: =$J55 -> 22.5 | N18: =$J58 -> 0 | O18: =$J61 -> 0 | P18: =SUM(M18:O18) -> 22.5 | Q18: =H18+L18-P18 -> 0 | R18: =M18+S18 -> 22.5 | S18: 0 | T18: 0
A19: 6 | B19: Масло моторное 5W-30 SN/CF | F19: л | G19: - | H19: =февраль!Q19 -> 0 | I19: =$L42 -> 8 | J19: =$L50 -> 0 | K19: =$L53 -> 0 | L19: =SUM(I19:K19) -> 8 | M19: =$L55 -> 0.4 | N19: =$L58 -> 0 | O19: =$L61 -> 7.6 | P19: =SUM(M19:O19) -> 8 | Q19: =H19+L19-P19 -> 0 | R19: =M19+S19 -> 0.4 | S19: 0 | T19: 0
A20: 7 | B20: 5W-40 полусинт. | F20: л | G20: - | H20: =февраль!Q20 -> 0 | I20: =$Q42 -> 6 | J20: =$Q50 -> 0 | K20: =$Q53 -> 0 | L20: =SUM(I20:K20) -> 6 | M20: =$Q55 -> 6 | N20: =$Q58 -> 0 | O20: =$Q61 -> 0 | P20: =SUM(M20:O20) -> 6 | Q20: =H20+L20-P20 -> 0 | R20: =M20+S20 -> 6 | S20: 0 | T20: 0
A21: 8 | B21: Масло марки «Р» | F21: л | G21: - | H21: =февраль!Q21 -> 0 | I21: =$S42 -> 1.25 | J21: =$S50 -> 0 | K21: =$S53 -> 0 | L21: =SUM(I21:K21) -> 1.25 | M21: =$S55 -> 1.25 | N21: =$S58 -> 0 | O21: =$S61 -> 0 | P21: =SUM(M21:O21) -> 1.25 | Q21: =H21+L21-P21 -> 0 | R21: =M21+S21 -> 1.25 | S21: 0 | T21: 0
A22: 9 | B22: Масло моторное 5W-40 SN/CF (синт.) | F22: л | G22: - | H22: =февраль!Q22 -> 0 | I22: =$N42 -> 0 | J22: =$N50 -> 0 | K22: =$N53 -> 0 | L22: =SUM(I22:K22) -> 0 | M22: =$N55 -> 0 | N22: =$N58 -> 0 | O22: =$N61 -> 0 | P22: =SUM(M22:O22) -> 0 | Q22: =H22+L22-P22 -> 0 | R22: =M22+S22+O22 -> 0 | S22: 0 | T22: 0
A23: 10 | B23: Масло моторное 5W-40 SL/CF (полусинт.) | F23: л | G23: - | H23: =февраль!Q23 -> 0 | I23: =$M42 -> 9 | J23: =$M50 -> 0 | K23: =$M53 -> 0 | L23: =SUM(I23:K23) -> 9 | M23: =$M55 -> 9 | N23: =$M58 -> 0 | O23: =$M61 -> 0 | P23: =SUM(M23:O23) -> 9 | Q23: =H23+L23-P23 -> 0 | R23: =M23+S23+O23 -> 9 | S23: 0 | T23: 0
A24: 11 | B24: Масло моторное 10W-40 SL/CF | F24: л | G24: - | H24: =февраль!Q24 -> 0 | I24: =$O42 -> 0.5 | J24: =$O50 -> 0 | K24: =$O53 -> 0 | L24: =SUM(I24:K24) -> 0.5 | M24: =$O55 -> 0.5 | N24: =$O58 -> 0 | O24: =$O61 -> 0 | P24: =SUM(M24:O24) -> 0.5 | Q24: =H24+L24-P24 -> 0 | R24: =M24+S24+O24 -> 0.5 | S24: 0 | T24: 0
A25: 12 | B25: Масло моторное 10W-40 СI-4/CL | F25: л | G25: - | H25: =февраль!Q25 -> 0 | I25: =$P42 -> 21 | J25: =$P50 -> 0 | K25: =$P53 -> 0 | L25: =SUM(I25:K25) -> 21 | M25: =$P55 -> 8 | N25: =$P58 -> 0 | O25: =$P61 -> 13 | P25: =SUM(M25:O25) -> 21 | Q25: =H25+L25-P25 -> 0 | R25: =M25+S25 -> 8 | S25: 0 | T25: 0
A26: 13 | B26: Масло трансм. 75W-90 API GL-5 | F26: л | G26: - | H26: =февраль!Q26 -> 0 | I26: =$R42 -> 0.9 | J26: =$R50 -> 0 | K26: =$R53 -> 0 | L26: =SUM(I26:K26) -> 0.9 | M26: =$R55 -> 0.9 | N26: =$R58 -> 0 | O26: =$R61 -> 0 | P26: =SUM(M26:O26) -> 0.9 | Q26: =H26+L26-P26 -> 0 | R26: =M26+S26 -> 0.9 | S26: 0 | T26: 0
A27: 14 | B27: Масло моторное М-10Г2/М-10Г2к | F27: л | G27: - | H27: 0 | I27: =$K42 -> 3 | J27: =$K50 -> 0 | K27: =$K53 -> 0 | L27: =SUM(I27:K27) -> 3 | M27: =$K55 -> 3 | N27: =$K58 -> 0 | O27: =$K61 -> 0 | P27: =SUM(M27:O27) -> 3 | Q27: =H27+L27-P27 -> 0 | R27: =M27+S27 -> 3 | S27: 0 | T27: 0
A28: 15 | B28: Т/Ж «Dot-4» | F28: л | G28: - | H28: =февраль!Q27 -> 0 | I28: 0 | J28: 0 | K28: 0 | L28: =SUM(I28:K28) -> 0 | M28: 0 | N28: 0 | O28: 0 | P28: =SUM(M28:O28) -> 0 | Q28: =H28+L28-P28 -> 0 | R28: =M28+S28 -> 0 | S28: 0 | T28: 0
A29: 16 | B29: Тосол-А40 | F29: л | G29: - | H29: =февраль!Q28 -> 459.1 | I29: 0 | J29: 0 | K29: 0 | L29: =SUM(I29:K29) -> 0 | M29: 13.1 | N29: 0 | O29: 0 | P29: =SUM(M29:O29) -> 13.1 | Q29: =H29+L29-P29 -> 446 | R29: =M29+S29 -> 13.1 | S29: 0 | T29: 0
A30: 17 | B30: Антифриз зелен. | F30: л | G30: - | H30: =февраль!Q29 -> 122.4 | I30: 0 | J30: 0 | K30: 0 | L30: =SUM(I30:K30) -> 0 | M30: 2.6 | N30: 0 | O30: 0 | P30: =SUM(M30:O30) -> 2.6 | Q30: =H30+L30-P30 -> 119.8 | R30: =M30+S30 -> 2.6 | S30: 0 | T30: 0
A31: 18 | B31: Антифриз красн. | F31: л | G31: - | H31: =февраль!Q30 -> 58 | I31: 0 | J31: 0 | K31: 0 | L31: =SUM(I31:K31) -> 0 | M31: 1.4 | N31: 0 | O31: 0 | P31: =SUM(M31:O31) -> 1.4 | Q31: =H31+L31-P31 -> 56.6 | R31: =M31+S31 -> 1.4 | S31: 0 | T31: 0
A32: 19 | B32: Реагент AdBlue | F32: л | G32: - | H32: =февраль!Q31 -> 7.1 | I32: 20 | J32: 0 | K32: 0 | L32: =SUM(I32:K32) -> 20 | M32: 20.8 | N32: 0 | O32: 0 | P32: =SUM(M32:O32) -> 20.8 | Q32: =H32+L32-P32 -> 6.3 | R32: =M32+S32 -> 20.8 | S32: 0 | T32: 0
A33: 20 | B33: Топливная карта | F33: шт. | G33: - | H33: =февраль!Q32 -> 1 | I33: 0 | J33: 0 | K33: 0 | L33: =SUM(I33:K33) -> 0 | M33: 0 | N33: 0 | O33: 0 | P33: =SUM(M33:O33) -> 0 | Q33: 1 | R33: =M33+S33 -> 0 | S33: 0 | T33: 0
A34: Итого наименований: 20 (Двадцать)
A35: Наименование графы | B35: Откуда прибыло, куда убыло | D35: Наименование документа | E35: №, дата документа | G35: Наименование и количество ГСМ, ТС
G36: АИ-92 | H36: ДТ-З | I36: АИ-95 | J36: М-8В | K36: М-10Г2/М-10Г2к | L36: 5W-30 SN/CF | M36: 5W-40 SL/CF | N36: 5W-40 SN/CF син. | O36: 10W-40 SL/CF | P36: 10W-40 CI-4/CL | Q36: 5W-40 полусинт. | R36: 75W-90 GL-5 | S36: Масло марки «Р» | T36: AdBlue
A37: 6 | B37: Склад в/ч | D37: Р/в | E37: № 126, 126/1/2/3/4/5 | G37: 4250 | H37: 3405 | I37: 458 | J37: 22.5 | K37: 3 | L37: 0.4 | M37: 9 | N37: 0 | O37: 0.5 | P37: 8 | Q37: 6 | R37: 0.9 | S37: 1.25 | T37: 20
B38: Склад в/ч | D38: Накладная | E38: 207 | G38: 0 | H38: 0 | I38: 0 | J38: 0 | K38: 0 | L38: 0 | M38: 0 | N38: 0 | O38: 0 | P38: 6.5 | Q38: 0 | R38: 0 | S38: 0 | T38: 0
D39: Накладная | E39: 233 | G39: 0 | H39: 0 | I39: 0 | J39: 0 | K39: 0 | L39: 7.6 | M39: 0 | N39: 0 | O39: 0 | P39: 0 | Q39: 0 | R39: 0 | S39: 0 | T39: 0
D40: Накладная | E40: 249 | G40: 0 | H40: 0 | I40: 0 | J40: 0 | K40: 0 | L40: 0 | M40: 0 | N40: 0 | O40: 0 | P40: 6.5 | Q40: 0 | R40: 0 | S40: 0 | T40: 0
B41: Склад в/ч | D41: Накладная | G41: 0 | H41: 0 | I41: 0 | J41: 0 | K41: 0 | L41: 0 | M41: 0 | N41: 0 | O41: 0 | P41: 0 | Q41: 0 | R41: 0 | S41: 0 | T41: 0
A42: Всего по графе 6 | G42: =SUM(G37:G41) -> 4250 | H42: =SUM(H37:H41) -> 3405 | I42: =SUM(I37:I41) -> 458 | J42: =SUM(J37:J41) -> 22.5 | K42: =SUM(K37:K41) -> 3 | L42: =SUM(L37:L41) -> 8 | M42: =SUM(M37:M41) -> 9 | N42: =SUM(N37:N41) -> 0 | ... T42: =SUM(T37:T41) -> 20
A43: 7 | B43: в/ч 1463 | D43: Накладная | H43: =150+36 -> 186 | I43: - | J43: - | K43: - | L43: - | M43: - | N43: - | O43: - | P43: - | Q43: - | R43: - | S43: - | T43: -
B44: 1 ПОГЗ | D44: Накладная | G44: 48
B45: 3 ПОГЗ | D45: Накладная | G45: 118 | H45: 0 | I45: - | J45: - | K45: - | L45: - | M45: - | N45: - | O45: - | P45: - | Q45: - | R45: - | S45: - | T45: -
B46: 4 ПОГЗ | D46: Накладная | G46: 36 | H46: - | I46: - | J46: - | K46: - | L46: - | M46: - | N46: - | O46: - | P46: - | Q46: - | R46: - | S46: - | T46: -
B47: 5 ПОГЗ | D47: Накладная | H47: - | I47: - | J47: - | K47: - | L47: - | M47: - | N47: - | O47: - | P47: - | Q47: - | R47: - | S47: - | T47: -
B48: 6ПОГЗ | D48: Накладная | E48: 197 | G48: =44+70 -> 114 | H48: - | I48: - | J48: - | K48: - | L48: - | M48: - | N48: - | O48: - | P48: - | Q48: - | R48: - | S48: - | T48: -
B49: в/ч 2007 | D49: Накладная | H49: 49 | I49: - | J49: - | K49: - | L49: - | M49: - | N49: - | O49: - | P49: - | Q49: - | R49: - | S49: - | T49: -
A50: Всего по графе 7 | G50: =SUM(G43:G49) -> 316 | H50: =SUM(H43:H49) -> 235 | I50: =SUM(I43:I49) -> 0 | J50: =SUM(J43:J49) -> 0 | K50: =SUM(K43:K49) -> 0 | L50: =SUM(L43:L49) -> 0 | M50: =SUM(M43:M49) -> 0 | N50: =SUM(N43:N49) -> 0 | ... T50: =SUM(T43:T49) -> 0
A51: 8 | B51: АЗС № 76 | D51: Чек № | E51: 6183912 | G51: 0 | H51: 0 | I51: 30 | J51: 0 | K51: 0 | L51: 0 | M51: 0 | N51: 0 | O51: 0 | P51: 0 | Q51: 0 | R51: 0 | S51: 0 | T51: 0
B52: АЗС № 51 | D52: Чек № | E52: 667676 | G52: 0 | H52: 0 | I52: 25 | J52: 0 | K52: 0 | L52: 0 | M52: 0 | N52: 0 | O52: 0 | P52: 0 | Q52: 0 | R52: 0 | S52: 0 | T52: 0
A53: Всего по графе 8 | G53: =SUM(G51:G52) -> 0 | H53: =SUM(H51:H52) -> 0 | I53: =SUM(I51:I52) -> 55 | J53: =SUM(J51:J52) -> 0 | K53: =SUM(K51:K52) -> 0 | L53: =SUM(L51:L52) -> 0 | M53: =SUM(M51:M52) -> 0 | N53: =SUM(N51:N52) -> 0 | ... T53: =SUM(T51:T52) -> 0
A54: 10 | B54: Фактический расход | D54: Путевой лист | E54: УАЗ: 7092, 7034, 7011, 7002, 7003, 7006, 7009, 7215. МАЗ: 7097, 7117, 7365, 7024, 7124, 7151, 7153. ГАЗ: 7047, 7193, 7090, 7170, 7290, 7374. 3ИЛ: 7083, 7025, 7111, 7107, 7113. НЕМАН: 7030. УРАЛ: 7043 НИВА ШЕВРОЛЕ: 0849. ФОЛЬКСВАГЕН: 7021. ФОРД ТРАНЗИТ: 7146. ДЖИЛИ: 7327. | G54: =G103 -> 4095 | H54: =H103 -> 3778 | I54: =I103 -> 536 | J54: =J103 -> 22.5 | K54: =K103 -> 3 | L54: =L103 -> 0.4 | M54: =M103 -> 9 | N54: =N103 -> 0 | ... T54: =T103 -> 20.8
A55: Всего по графе 10 | G55: =G54 -> 4095 | H55: =H54 -> 3778 | I55: =I54 -> 536 | J55: =J54 -> 22.5 | K55: =K54 -> 3 | L55: =L54 -> 0.4 | M55: =M54 -> 9 | N55: =N54 -> 0 | ... T55: =T54 -> 20.8
A56: 11 | D56: - | E56: - | G56: 147 | H56: - | I56: - | J56: - | K56: - | L56: - | M56: - | N56: - | O56: - | P56: - | Q56: - | R56: - | S56: - | T56: -
G57: 0 | H57: - | I57: - | J57: - | K57: - | L57: - | M57: - | N57: - | O57: - | P57: - | Q57: - | R57: - | S57: - | T57: -
A58: Всего по графе 11 | G58: =SUM(G56:G57) -> 147 | H58: =SUM(H56:H57) -> 0 | I58: =SUM(I56:I57) -> 0 | J58: =SUM(J56:J57) -> 0 | K58: =SUM(K56:K57) -> 0 | L58: =SUM(L56:L57) -> 0 | M58: =SUM(M56:M57) -> 0 | N58: =SUM(N56:N57) -> 0 | ... T58: =SUM(T56:T57) -> 0
A59: 12 | B59: Замена масла | D59: АКТ | G59: - | H59: - | I59: - | J59: - | K59: 0 | L59: 7.6 | M59: - | N59: 0 | O59: 0 | P59: 13 | Q59: - | R59: - | S59: - | T59: -
B60: Возврат на склад ГСМ | D60: Накладная | E60: - | G60: 0 | H60: - | I60: - | J60: - | K60: - | L60: - | M60: - | N60: - | O60: - | P60: - | Q60: - | R60: - | S60: - | T60: -
A61: Всего по графе 12 | G61: =SUM(G59:G60) -> 0 | H61: =SUM(H59:H60) -> 0 | I61: =SUM(I59:I60) -> 0 | J61: =SUM(J59:J60) -> 0 | K61: =SUM(K59:K60) -> 0 | L61: =SUM(L59:L60) -> 7.6 | M61: =SUM(M59:M60) -> 0 | N61: =SUM(N59:N60) -> 0 | ... T61: =SUM(T59:T60) -> 0
A62: № п/п | B62: Наименование техники (агрегата) | C62: Марка, модель техники (агрегата) | D62: Номер техники (агрегата) | E62: Отработано км (м)/ч | G62: Наименование и количество израсходованных ГСМ, ТС
G63: АИ-92 | H63: ДТ-З | I63: АИ-95 | J63: М-8В | K63: М-10Г2/М-10Г2к | L63: 5W-30 SN/CF | M63: 5W-40 SL/CF | N63: 5W-40 SN/CF син. | O63: 10W-40 SL/CF | P63: 10W-40 CI-4/SL | Q63: 5W-40 полусинт. | R63: 75W-90 GL-5 | S63: Масло марки «Р» | T63: AdBlue
A64: 1 | B64: НИВА | C64: 1231 | D64: ММ 0849-1 | E64: 1249 | G64: 0 | H64: 0 | I64: 136 | J64: 0 | K64: 0 | L64: 0 | M64: 0 | N64: 0 | O64: 0 | P64: 0 | Q64: 0 | R64: 0 | S64: 0 | T64: 0
A65: 2 | B65: ДЖИЛИ | C65: SC-7 | D65: РС 7327-0 | E65: 742 | G65: 0 | H65: 0 | I65: 57 | J65: 0 | K65: 0 | L65: 0 | M65: 0 | N65: 0 | O65: 0 | P65: 0 | Q65: 0 | R65: 0 | S65: 0 | T65: 0
A66: 3 | B66: ФОЛЬКСВАГЕН | C66: В6 | D66: РС 7021-0 | E66: 3866 | G66: 50 | H66: 0 | I66: 343 | J66: 0 | K66: 0 | L66: 0 | M66: 0 | N66: 0 | O66: 0 | P66: 0 | Q66: 0 | R66: 0 | S66: 0 | T66: 0
A67: 4 | B67: УАЗ | C67: 3163 | D67: РС 7011-0 | E67: 2845 | G67: 394 | H67: 0 | I67: 0 | J67: 0 | K67: 0 | L67: 0 | M67: 0 | N67: 0 | O67: 0 | P67: 0 | Q67: 2 | R67: 0 | S67: 0 | T67: 0
A68: 5 | B68: УАЗ | C68: 3163 | D68: РС 7002-0 | E68: 1212 | G68: 180 | H68: 0 | I68: 0 | J68: 0 | K68: 0 | L68: 0 | M68: 3 | N68: 0 | O68: 0 | P68: 0 | Q68: 2 | R68: 0.5 | S68: 0 | T68: 0
A69: 6 | B69: УАЗ | C69: 3163 | D69: РС 7006-0 | E69: 696 | G69: 100 | H69: 0 | I69: 0 | J69: 0 | K69: 0 | L69: 0 | M69: 2 | N69: 0 | O69: 0 | P69: 0 | Q69: 0 | R69: 0.4 | S69: 0 | T69: 0
A70: 7 | B70: УАЗ | C70: 3163 | D70: РС 7034-0 | E70: 2187 | G70: 301 | H70: 0 | I70: 0 | J70: 0 | K70: 0 | L70: 0 | M70: 4 | N70: 0 | O70: 0 | P70: 0 | Q70: 2 | R70: 0 | S70: 0 | T70: 0
A71: 8 | B71: УАЗ | C71: 39094 | D71: РС 7176-0 | E71: 0 | G71: 0 | H71: 0 | I71: 0 | J71: 0 | K71: 0 | L71: 0 | M71: 0 | N71: 0 | O71: 0 | P71: 0 | Q71: 0 | R71: 0 | S71: 0 | T71: 0
A72: 9 | B72: УАЗ | C72: 374195 | D72: РС 7092-0 | E72: 1200 | G72: 188 | H72: 0 | I72: 0 | J72: 0 | K72: 0 | L72: 0 | M72: 0 | N72: 0 | O72: 0 | P72: 0 | Q72: 0 | R72: 0 | S72: 0 | T72: 0
A73: 10 | B73: УАЗ | C73: 31519 | D73: 7009 РС-0 | E73: 3049 | G73: 457 | H73: 0 | I73: 0 | J73: 3 | K73: 0 | L73: 0 | M73: 0 | N73: 0 | O73: 0 | P73: 0 | Q73: 0 | R73: 0 | S73: 0 | T73: 0
A74: 11 | B74: ГАЗ | C74: 3302 | D74: РС 7047-0 | E74: 0 | G74: 0 | H74: 0 | I74: 0 | J74: 0 | K74: 0 | L74: 0 | M74: 0 | N74: 0 | O74: 0 | P74: 0 | Q74: 0 | R74: 0 | S74: 0 | T74: 0
A75: 12 | B75: ЗИЛ | C75: 131-КО520 | D75: 7083 ПВ | E75: 1252 | G75: 768 | H75: 0 | I75: 0 | J75: 14.5 | K75: 0 | L75: 0 | M75: 0 | N75: 0 | O75: 0 | P75: 3 | Q75: 0 | R75: 0 | S75: 0.5 | T75: 0
A76: 13 | B76: ЗИЛ | C76: 431410 | D76: 7025 ПВ | E76: 3296 | G76: 1030 | H76: 0 | I76: 0 | J76: 2 | K76: 0 | L76: 0 | M76: 0 | N76: 0 | O76: 0 | P76: 0 | Q76: 0 | R76: 0 | S76: 0 | T76: 0
A77: 14 | B77: ЗИЛ | C77: 131 | D77: 7113 ПВ | E77: 381 | G77: 151 | H77: 0 | I77: 0 | J77: 0 | K77: 0 | L77: 0 | M77: 0 | N77: 0 | O77: 0 | P77: 0 | Q77: 0 | R77: 0 | S77: 0 | T77: 0
A78: 15 | B78: ЗИЛ | C78: 131 | D78: 7107 ПВ | E78: 306 | G78: 122 | H78: 0 | I78: 0 | J78: 0 | K78: 0 | L78: 0 | M78: 0 | N78: 0 | O78: 0 | P78: 0 | Q78: 0 | R78: 0 | S78: 0 | T78: 0
A79: 16 | B79: ГАЗ | C79: 66 | D79: РС 7374-0 | E79: 0 | G79: 0 | H79: 0 | I79: 0 | J79: 0 | K79: 0 | L79: 0 | M79: 0 | N79: 0 | O79: 0 | P79: 0 | Q79: 0 | R79: 0 | S79: 0 | T79: 0
A80: 17 | B80: ГАЗ | C80: 66 | D80: РС 7170-0 | E80: 0 | G80: 0 | H80: 0 | I80: 0 | J80: 0 | K80: 0 | L80: 0 | M80: 0 | N80: 0 | O80: 0 | P80: 0 | Q80: 0 | R80: 0 | S80: 0 | T80: 0
A81: 18 | B81: ГАЗ | C81: 32213 | D81: 7193 РС-0 | E81: 0 | G81: 0 | H81: 0 | I81: 0 | J81: 0 | K81: 0 | L81: 0 | M81: 0 | N81: 0 | O81: 0 | P81: 0 | Q81: 0 | R81: 0 | S81: 0 | T81: 0
A82: 19 | B82: ЗИЛ | C82: 131 | D82: 7111 ПВ | E82: 0 | G82: 0 | H82: 0 | I82: 0 | J82: 0 | K82: 0 | L82: 0 | M82: 0 | N82: 0 | O82: 0 | P82: 0 | Q82: 0 | R82: 0 | S82: 0 | T82: 0
A83: 20 | B83: ГАЗ | C83: 3302 | D83: 7041 ПВ | E83: 23 | G83: 4 | H83: 0 | I83: 0 | J83: 0 | K83: 0 | L83: 0 | M83: 0 | N83: 0 | O83: 0 | P83: 0 | Q83: 0 | R83: 0 | S83: 0 | T83: 0
A84: 21 | B84: ГАЗ | C84: 66 | D84: РС 7166-0 | E84: 0 | G84: 0 | H84: 0 | I84: 0 | J84: 0 | K84: 0 | L84: 0 | M84: 0 | N84: 0 | O84: 0 | P84: 0 | Q84: 0 | R84: 0 | S84: 0 | T84: 0
A85: 22 | B85: УАЗ | C85: 2206 | D85: РС 7140-0 | E85: 0 | G85: 0 | H85: 0 | I85: 0 | J85: 0 | K85: 0 | L85: 0 | M85: 0 | N85: 0 | O85: 0 | P85: 0 | Q85: 0 | R85: 0 | S85: 0 | T85: 0
A86: 23 | B86: УАЗ | C86: 31519 | D86: 7016 РС-0 | E86: 812 | G86: 123 | H86: 0 | I86: 0 | J86: 0 | K86: 0 | L86: 0 | M86: 0 | N86: 0 | O86: 0 | P86: 0 | Q86: 0 | R86: 0 | S86: 0.25 | T86: 0
A87: 24 | B87: ЗИЛ | C87: 131 | D87: 7105 ПВ | E87: 0 | G87: 0 | H87: 0 | I87: 0 | J87: 0 | K87: 0 | L87: 0 | M87: 0 | N87: 0 | O87: 0 | P87: 0 | Q87: 0 | R87: 0 | S87: 0 | T87: 0
... A90: 27 | B90: УАЗ | C90: 315148 | D90: РС 7003-0 | E90: 0 | G90: 0 | H90: 0 | I90: 0 | J90: 0 | K90: 0 | L90: 0 | M90: 0 | N90: 0 | O90: 0 | P90: 0 | Q90: 0 | R90: 0 | S90: 0 | T90: 0
A91: 28 | B91: МАЗ | C91: 5340С3 | D91: РС 7365-0 | E91: 997 | G91: 0 | H91: 415 | I91: 0 | J91: 0 | K91: 0 | L91: 0 | M91: 0 | N91: 0 | O91: 0 | P91: 0 | Q91: 0 | R91: 0 | S91: 0 | T91: 20.8
A92: 29 | B92: МАЗ | C92: 5337А | D92: 7153 ПВ | E92: 0 | G92: 0 | H92: 0 | I92: 0 | J92: 0 | K92: 0 | L92: 0 | M92: 0 | N92: 0 | O92: 0 | P92: 0 | Q92: 0 | R92: 0 | S92: 0 | T92: 0
A93: 30 | B93: МАЗ | C93: 6430А8 | D93: 7024 ПВ | E93: 2085 | G93: 0 | H93: 935 | I93: 0 | J93: 0 | K93: 0 | L93: 0 | M93: 0 | N93: 0 | O93: 0 | P93: 0 | Q93: 0 | R93: 0 | S93: 0 | T93: 0
A94: 31 | B94: МАЗ | C94: 437143 | D94: РС 7349-0 | E94: 2643 | G94: 0 | H94: 586 | I94: 0 | J94: 0 | K94: 0 | L94: 0 | M94: 0 | N94: 0 | O94: 0 | P94: 1.5 | Q94: 0 | R94: 0 | S94: 0.25 | T94: 0
A95: 32 | B95: ГАЗ | C95: A31R22 | D95: РС 7090-0 | E95: 3772 | G95: 0 | H95: 488 | I95: 0 | J95: 0 | K95: 0 | L95: 0 | M95: 0 | N95: 0 | O95: 0.5 | P95: 0 | Q95: 0 | R95: 0 | S95: 0 | T95: 0
A96: 33 | B96: МАЗ | C96: 5551 | D96: 7151 ПВ | E96: 197 | G96: 0 | H96: 45 | I96: 0 | J96: 0 | K96: 0 | L96: 0 | M96: 0 | N96: 0 | O96: 0 | P96: 1.5 | Q96: 0 | R96: 0 | S96: 0 | T96: 0
A97: 34 | B97: МАЗ | C97: 6303 | D97: 7097 ПВ | E97: 5 | G97: 0 | H97: 35 | I97: 0 | J97: 0 | K97: 0 | L97: 0 | M97: 0 | N97: 0 | O97: 0 | P97: 0 | Q97: 0 | R97: 0 | S97: 0 | T97: 0
A98: 35 | B98: НЕМАН | C98: 420224 | D98: РС 7030-0 | E98: 3948 | G98: 0 | H98: 659 | I98: 0 | J98: 0 | K98: 0 | L98: 0.4 | M98: 0 | N98: 0 | O98: 0 | P98: 0 | Q98: 0 | R98: 0 | S98: 0 | T98: 0
A99: 36 | B99: ГАЗ | C99: 331041 | D99: 7290 ПВ | E99: 3121 | G99: 0 | H99: 491 | I99: 0 | J99: 0 | K99: 0 | L99: 0 | M99: 0 | N99: 0 | O99: 0 | P99: 2 | Q99: 0 | R99: 0 | S99: 0.25 | T99: 0
A100: 37 | B100: ФОРД | C100: ТРАНЗИТ | D100: РС 7146-0 | E100: 0 | G100: 0 | H100: 0 | I100: 0 | J100: 0 | K100: 0 | L100: 0 | M100: 0 | N100: 0 | O100: 0 | P100: 0 | Q100: 0 | R100: 0 | S100: 0 | T100: 0
A101: 38 | B101: МАЗ | C101: 437143 | D101: 7117 ПВ | E101: 136 | G101: 0 | H101: 32 | I101: 0 | J101: 0 | K101: 0 | L101: 0 | M101: 0 | N101: 0 | O101: 0 | P101: 0 | Q101: 0 | R101: 0 | S101: 0 | T101: 0
A102: 39 | B102: МАЗ | C102: 5551А2-320 | D102: 7036 ПВ | E102: 0 | G102: 0 | H102: 0 | I102: 0 | J102: 0 | K102: 0 | L102: 0 | M102: 0 | N102: 0 | O102: 0 | P102: 0 | Q102: 0 | R102: 0 | S102: 0 | T102: 0
...

Sheet апрель

Sheet май

Sheet июнь

Sheet июль

Sheet август

Sheet сентябрь

Sheet октябрь

Sheet ноябрь

Sheet декабрь
